Timestamp,User Count,Type,Name,Requests/s,Failures/s,50%,66%,75%,80%,90%,95%,98%,99%,99.9%,99.99%,100%,Total Request Count,Total Failure Count,Total Median Response Time,Total Average Response Time,Total Min Response Time,Total Max Response Time,Total Average Content Size
1645856501,0,,Aggregated,0.000000,0.000000,N/A,N/A,N/A,N/A,N/A,N/A,N/A,N/A,N/A,N/A,N/A,0,0,0,0,0,0,0
1645856502,10,,Aggregated,0.000000,0.000000,18,23,26,45,54,130,140,160,160,160,160,69,0,18,29.690711782605185,6.032251999954497,163.91709300000912,503.6666666666667
1645856503,20,,Aggregated,0.000000,0.000000,19,25,49,110,140,220,670,790,960,960,960,124,0,19,69.59418324999895,4.347036000012849,961.7710490000491,73590.15322580645
1645856504,30,,Aggregated,69.000000,0.000000,19,28,48,54,150,470,940,960,990,990,990,148,0,19,79.35095326351114,3.6745310000014797,990.5658559999893,61711.80405405405
1645856505,40,,Aggregated,51.500000,0.000000,17,25,42,50,140,330,790,960,2000,2000,2000,212,0,17,77.4570776179242,3.6745310000014797,1963.4140360000174,54287.29245283019
1645856506,50,,Aggregated,48.000000,0.000000,17,23,39,49,140,390,940,990,3200,3200,3200,245,0,17,85.74820082449058,3.6745310000014797,3237.0489239999642,81381.22040816327
1645856507,60,,Aggregated,51.500000,0.000000,19,25,37,50,150,330,960,2100,4300,4300,4300,349,0,19,101.86648158166084,3.6745310000014797,4251.033197999959,88219.3123209169
1645856509,70,,Aggregated,48.600000,0.000000,20,37,59,98,280,680,2000,3200,4300,4300,4300,410,0,20,156.99086861219462,3.6745310000014797,4251.033197999959,105042.9756097561
1645856510,80,,Aggregated,50.428571,0.000000,23,46,78,150,420,1500,2100,3300,7400,7400,7400,437,0,23,215.81827463615608,3.6745310000014797,7375.935674000061,160280.01372997713
1645856513,90,,Aggregated,47.333333,0.000000,24,48,110,200,640,1700,3200,4300,9000,9000,9000,447,0,24,290.25792950111867,3.6745310000014797,8966.442339999958,256459.5548098434
1645856514,100,,Aggregated,37.600000,0.000000,39,120,310,370,1700,2900,4700,6100,9000,9000,9000,552,0,39,509.3043747409401,3.6745310000014797,8966.442339999958,225193.96014492755
1645856515,110,,Aggregated,37.600000,0.000000,80,160,310,470,1700,3200,4700,6100,9800,9800,9800,659,0,80,537.5259637996952,3.6745310000014797,9752.73176099995,218026.62670713203
1645856516,120,,Aggregated,34.200000,0.000000,130,210,390,670,1600,2900,4700,6000,9800,9800,9800,797,0,130.0,552.0083821731481,3.6745310000014797,9752.73176099995,191495.85319949812
1645856518,130,,Aggregated,45.700000,0.000000,150,280,630,670,1500,2700,4300,4700,9800,9800,9800,901,0,150.0,557.7014894162035,3.6745310000014797,9752.73176099995,185341.94006659268
1645856519,140,,Aggregated,45.700000,0.000000,150,310,630,670,1500,2900,4300,4900,9800,9800,9800,913,0,150.0,567.4484367196052,3.6745310000014797,9752.73176099995,212441.68784227822
1645856521,150,,Aggregated,50.300000,0.000000,210,340,640,790,1900,2900,4300,5700,9000,9800,9800,1071,1,210.0,617.3059387553689,3.6745310000014797,9752.73176099995,193752.13632119514
1645856522,160,,Aggregated,53.800000,0.000000,220,530,820,1200,2000,3000,4300,6000,9000,9800,9800,1144,1,220.0,691.9355064370627,3.6745310000014797,9752.73176099995,199441.0410839161
1645856523,170,,Aggregated,62.500000,0.100000,240,640,970,1200,2000,3000,4300,6000,9300,9800,9800,1210,1,240.0,732.2489084851239,3.6745310000014797,9752.73176099995,199467.55950413222
1645856525,180,,Aggregated,65.500000,0.100000,280,680,970,1200,2000,3000,4300,6000,9800,10000,10000,1303,1,280.0,753.2458581903302,3.6745310000014797,10111.565931000086,209914.3860322333
1645856526,190,,Aggregated,75.300000,0.100000,330,700,1100,1300,2000,3100,4700,6000,12000,12000,12000,1484,1,330.0,806.4582063268197,3.6745310000014797,12147.854604000031,188100.724393531
1645856528,200,,Aggregated,64.400000,0.100000,310,660,980,1200,2000,3100,4700,5700,12000,12000,12000,1631,1,310.0,781.4671152004908,3.6745310000014797,12147.854604000031,187720.1808706315
1645856530,210,,Aggregated,68.200000,0.100000,340,680,1100,1400,2000,3000,4700,6000,13000,13000,13000,1764,1,340.0,832.0814699172328,3.6745310000014797,13107.62751499999,176231.84523809524
1645856532,220,,Aggregated,71.800000,0.100000,350,680,1100,1400,2000,3100,4700,6000,13000,13000,13000,1766,1,340.0,835.9061322015847,3.6745310000014797,13107.62751499999,196688.03001132503
1645856533,230,,Aggregated,69.500000,0.000000,360,740,1200,1600,2600,3200,4700,6400,15000,15000,15000,1822,1,360.0,931.4181444352362,3.6745310000014797,15327.200830000038,199763.3545554336
1645856534,240,,Aggregated,66.600000,0.000000,410,830,1300,1600,2700,3400,4900,6400,15000,15000,15000,1980,1,410.0,968.4314717954545,3.6745310000014797,15327.200830000038,187244.54343434345
1645856535,250,,Aggregated,63.500000,0.000000,460,850,1300,1600,2600,3300,4900,6500,15000,15000,15000,2063,4,460.0,986.1590692913235,3.6745310000014797,15327.200830000038,186801.0470189045
1645856536,260,,Aggregated,73.000000,0.000000,480,940,1400,1600,2600,3300,4900,7300,15000,16000,16000,2123,7,480.0,1014.9014976867644,3.6745310000014797,15655.858217999936,190707.96702779087
1645856538,270,,Aggregated,72.300000,0.000000,590,1100,1400,1600,2600,3400,4900,7400,15000,16000,16000,2258,12,590.0,1065.966662066431,3.6745310000014797,15655.858217999936,182875.54340124002
1645856540,280,,Aggregated,62.100000,0.600000,630,1200,1500,1600,2700,3400,5600,7400,15000,16000,16000,2311,13,630.0,1102.7336860186078,3.6745310000014797,16098.561398000016,192000.28039809607
1645856541,290,,Aggregated,62.700000,1.100000,640,1200,1500,1700,2700,3400,5600,7700,16000,17000,17000,2337,16,640.0,1132.3032515216098,3.6745310000014797,17215.615301999947,198370.3735558408
1645856543,300,,Aggregated,65.400000,1.100000,650,1200,1600,1700,3000,3800,6100,9000,17000,18000,18000,2374,19,650.0,1202.4205618740536,3.6745310000014797,18028.239401000064,206647.70303285593
1645856544,310,,Aggregated,60.800000,1.800000,690,1300,1700,1900,3400,4700,6100,12000,19000,20000,20000,2487,29,690.0,1361.7293975673526,3.6745310000014797,19859.018085999993,200419.11338962606
1645856545,320,,Aggregated,57.000000,1.800000,740,1300,1600,1900,3400,4700,7300,12000,20000,20000,20000,2642,31,740.0,1390.9759734530658,3.6745310000014797,20456.650484999955,193063.2176381529
1645856546,330,,Aggregated,47.400000,2.600000,790,1200,1600,1900,3400,4700,8200,12000,20000,21000,21000,2801,35,790.0,1415.8123984091392,3.6745310000014797,21135.535857000035,182922.07747233132
1645856547,340,,Aggregated,57.400000,2.900000,810,1300,1600,1800,3400,4900,9500,12000,21000,22000,22000,2894,38,810.0,1447.4847459505866,3.6745310000014797,21702.09901599992,182476.64823773323
1645856548,350,,Aggregated,65.000000,2.900000,830,1400,1600,1900,3400,4900,9500,12000,21000,22000,22000,2944,40,830.0,1464.2475465652162,3.6745310000014797,21848.952028999975,182315.03158967392
1645856549,360,,Aggregated,69.800000,2.900000,870,1400,1800,2100,3400,4900,10000,12000,22000,24000,24000,3060,44,870.0,1543.2703330558816,3.6745310000014797,23528.123058000005,179070.2702614379
1645856551,370,,Aggregated,68.600000,3.000000,910,1500,1800,2100,3500,4900,10000,12000,22000,24000,24000,3140,46,900.0,1584.7599130114659,3.6745310000014797,23755.18165400001,177772.5872611465
1645856552,380,,Aggregated,75.000000,3.200000,1000,1500,1800,2100,3500,5200,10000,13000,24000,25000,25000,3323,52,1000.0,1652.3866180956954,3.6745310000014797,25402.321016999962,170293.18116160095
1645856553,390,,Aggregated,78.500000,3.000000,1100,1500,1800,2100,3500,5600,9900,13000,25000,27000,27000,3411,54,1100.0,1664.875639928466,3.6745310000014797,26534.62293000007,167327.34887129875
1645856555,400,,Aggregated,91.800000,3.300000,1100,1600,1800,2100,3500,5600,9900,13000,25000,27000,27000,3474,56,1100.0,1680.3616692898672,3.6745310000014797,27151.30415400006,174799.76683937825
1645856556,410,,Aggregated,101.300000,2.900000,1100,1600,1900,2200,3800,5600,10000,13000,27000,30000,30000,3562,59,1100.0,1752.573741898652,3.6745310000014797,29702.767571000095,174366.94637843908
1645856558,420,,Aggregated,77.800000,2.300000,1200,1600,2000,2400,3900,5600,10000,14000,27000,30000,30000,3620,66,1200.0,1826.7373556624295,3.6745310000014797,29702.767571000095,176407.17596685083
1645856559,430,,Aggregated,74.100000,2.300000,1200,1700,2100,2800,4200,5700,10000,15000,27000,30000,30000,3761,73,1200.0,1922.2316259936185,3.6745310000014797,29702.767571000095,172033.45652751927
1645856561,440,,Aggregated,69.900000,2.700000,1200,1800,2200,2900,4200,5800,10000,15000,27000,30000,30000,3858,76,1200.0,1954.9150346806648,3.6745310000014797,29702.767571000095,175557.5852773458
1645856563,450,,Aggregated,73.600000,3.000000,1300,1800,2300,3000,4200,5800,10000,15000,27000,30000,30000,3916,78,1300.0,1987.45272572089,3.6745310000014797,29702.767571000095,176779.6782431052
1645856564,460,,Aggregated,57.800000,2.400000,1300,1900,2600,3200,4400,6100,11000,16000,27000,30000,30000,4024,86,1300.0,2098.6059143869293,3.6745310000014797,29702.767571000095,173888.26789264413
1645856566,470,,Aggregated,53.400000,2.800000,1400,1900,2700,3200,4500,6300,11000,16000,27000,30000,30000,4070,88,1400.0,2145.531636706636,3.6745310000014797,29702.767571000095,180650.61646191645
1645856567,480,,Aggregated,58.800000,3.200000,1400,2100,3000,3700,4700,6700,12000,17000,27000,30000,30000,4234,98,1400.0,2280.6626919985833,3.6745310000014797,29702.767571000095,174885.1530467643
1645856568,490,,Aggregated,57.100000,3.200000,1500,2100,3100,3700,4700,6600,13000,17000,27000,30000,30000,4406,100,1500.0,2315.315910096457,3.6745310000014797,29702.767571000095,168744.85860190648
1645856569,500,,Aggregated,60.300000,3.100000,1500,2100,3100,3700,4700,6700,15000,18000,27000,30000,30000,4503,102,1500.0,2337.5299212880286,3.6745310000014797,29702.767571000095,167248.3564290473
1645856571,510,,Aggregated,71.000000,3.100000,1600,2200,3000,3700,4700,6500,15000,18000,27000,30000,30000,4623,107,1600.0,2347.7152373106187,3.6745310000014797,29702.767571000095,163563.60761410338
1645856574,520,,Aggregated,75.000000,3.100000,1600,2200,3000,3600,4700,6900,15000,19000,27000,30000,30000,4753,110,1600.0,2391.3213921087713,3.6745310000014797,29702.767571000095,169398.970544919
1645856575,530,,Aggregated,85.900000,3.300000,1600,2300,3100,3700,4800,6800,15000,19000,27000,30000,30000,4833,112,1600.0,2439.5535657297723,3.6745310000014797,29702.767571000095,168109.35671425617
1645856576,540,,Aggregated,76.300000,2.600000,1600,2300,3300,3800,4900,7000,15000,19000,27000,30000,30000,4899,122,1600.0,2484.7679111234934,3.6745310000014797,29702.767571000095,168917.90916513573
1645856578,550,,Aggregated,78.800000,2.500000,1700,2400,3500,3900,5200,7600,16000,19000,27000,30000,30000,4990,124,1700.0,2582.243538744489,3.6745310000014797,29702.767571000095,167477.69378757515
1645856579,560,,Aggregated,73.400000,3.200000,1700,2400,3500,3900,5200,7700,16000,19000,27000,30000,30000,5000,125,1700.0,2593.2026477512004,3.6745310000014797,29702.767571000095,172535.7574
1645856581,570,,Aggregated,69.600000,2.600000,1700,2500,3600,4100,5400,8100,16000,19000,26000,30000,30000,5058,126,1700.0,2648.10949207414,3.6745310000014797,29702.767571000095,174697.83333333334
1645856582,580,,Aggregated,49.700000,2.300000,1700,2600,3700,4300,5900,8200,17000,21000,26000,30000,30000,5184,129,1700.0,2811.990058513503,3.6745310000014797,29702.767571000095,172786.7471064815
1645856583,590,,Aggregated,45.000000,1.900000,1800,2800,3800,4500,6200,8200,18000,23000,26000,30000,30000,5291,129,1800.0,2913.151927277829,3.6745310000014797,29702.767571000095,170814.87582687582
1645856584,600,,Aggregated,42.800000,1.800000,1800,2900,3900,4700,6200,8200,18000,23000,26000,30000,30000,5345,131,1800.0,2946.7115928907383,3.6745310000014797,29702.767571000095,171333.53994387278
1645856586,610,,Aggregated,44.400000,1.900000,1900,3100,4000,4700,6200,8200,18000,23000,26000,30000,30000,5485,133,1900.0,3006.045837953692,3.6745310000014797,29702.767571000095,168309.8550592525
1645856587,620,,Aggregated,58.900000,1.900000,1900,3200,4100,4700,6200,8200,18000,23000,26000,30000,30000,5524,135,1900.0,3036.0498677755254,3.6745310000014797,29702.767571000095,169342.00036205648
1645856588,630,,Aggregated,62.800000,2.000000,2000,3500,4200,4600,6200,8200,19000,24000,26000,30000,30000,5694,138,2000.0,3112.4327173772376,3.6745310000014797,29702.767571000095,165903.1631541974
1645856589,640,,Aggregated,60.900000,1.200000,2000,3500,4200,4600,6200,8300,20000,24000,26000,30000,30000,5777,138,2000.0,3175.223179534707,3.6745310000014797,29702.767571000095,164537.34948935432
1645856591,650,,Aggregated,76.900000,1.300000,2100,3600,4300,4600,6200,8600,21000,24000,26000,30000,30000,5910,143,2100.0,3232.4063877265653,3.6745310000014797,29702.767571000095,164462.94906937395
1645856593,660,,Aggregated,85.100000,1.700000,2100,3600,4300,4600,6200,8600,21000,24000,26000,30000,30000,5912,143,2100.0,3233.7019548584235,3.6745310000014797,29702.767571000095,168968.34167794316
1645856595,670,,Aggregated,74.900000,1.500000,2100,3700,4400,4800,6200,8600,21000,24000,27000,30000,30000,6090,150,2100.0,3346.030633965679,3.6745310000014797,29702.767571000095,166276.6105090312
1645856596,680,,Aggregated,71.400000,1.800000,2200,3900,4600,5200,6200,8600,22000,25000,28000,30000,30000,6262,158,2200.0,3452.0774843153904,3.6745310000014797,29702.767571000095,161730.58990737784
1645856598,690,,Aggregated,71.400000,1.800000,2200,3900,4600,5200,6200,8600,22000,25000,28000,30000,30000,6286,160,2200.0,3460.9939491628966,3.6745310000014797,29702.767571000095,165405.08526885143
1645856600,700,,Aggregated,77.800000,2.600000,2200,3900,4600,5200,6200,8700,22000,25000,28000,30000,30000,6297,162,2200.0,3467.3875183242762,3.6745310000014797,29702.767571000095,170721.20676512626
1645856601,710,,Aggregated,53.500000,2.400000,2300,4000,4800,5600,6700,8700,22000,25000,29000,32000,32000,6457,164,2300.0,3578.73051907124,3.6745310000014797,31759.928059000005,166504.9191575035
1645856602,720,,Aggregated,49.000000,2.400000,2300,4100,4900,5700,6700,8700,22000,25000,29000,32000,32000,6522,173,2300.0,3612.9597196738723,3.6745310000014797,31759.928059000005,166142.03971174487
1645856604,730,,Aggregated,59.700000,3.000000,2400,4200,5000,5800,7200,8700,22000,25000,31000,33000,33000,6637,173,2400.0,3694.053761690221,3.6745310000014797,33234.11429500004,165482.92677414496
1645856606,740,,Aggregated,59.700000,3.000000,2500,4200,5200,5900,7200,8800,23000,25000,34000,34000,34000,6702,174,2500.0,3763.3765580114896,3.6745310000014797,33993.04501899997,167113.19650850492
1645856607,750,,Aggregated,61.200000,2.400000,2600,4300,5300,5900,7200,9100,23000,25000,34000,36000,36000,6746,177,2600.0,3794.899892182331,3.6745310000014797,36076.96610999994,168776.4375926475
1645856608,760,,Aggregated,53.900000,1.800000,2600,4300,5500,6000,7200,9100,23000,25000,34000,36000,36000,6826,179,2600.0,3832.9806188889534,3.6745310000014797,36076.96610999994,167351.15104014063
1645856610,770,,Aggregated,43.700000,1.700000,2700,4400,5600,6100,7300,8900,23000,25000,34000,37000,37000,6923,182,2700.0,3893.8811546905977,3.6745310000014797,37267.91585599995,167743.41614906833
1645856612,780,,Aggregated,62.600000,2.000000,2700,4400,5700,6100,7300,9300,23000,25000,34000,37000,37000,6941,183,2700.0,3909.3468397586803,3.6745310000014797,37267.91585599995,172438.0664169428
1645856614,790,,Aggregated,57.300000,1.800000,3000,4600,5900,6200,7800,9900,24000,25000,41000,41000,41000,7092,187,3000.0,4104.944332241119,3.6745310000014797,40704.775734999996,170981.0573886069
1645856615,800,,Aggregated,46.400000,1.100000,3000,4600,5900,6300,8100,10000,24000,25000,41000,41000,41000,7175,190,3000.0,4172.381614963764,3.6745310000014797,40704.775734999996,169938.49533101046
1645856616,810,,Aggregated,47.000000,1.400000,3100,4700,5900,6500,8200,10000,24000,25000,41000,41000,41000,7251,190,3100.0,4247.805131648189,3.6745310000014797,40704.775734999996,170942.85988139568
1645856618,820,,Aggregated,48.100000,1.600000,3300,4800,6100,6700,8700,10000,24000,27000,41000,41000,41000,7384,191,3300.0,4373.334926288736,3.6745310000014797,40704.775734999996,168513.77654387866
1645856619,830,,Aggregated,52.800000,1.300000,3400,4900,6100,6700,8700,10000,24000,27000,41000,41000,41000,7443,193,3400.0,4409.174297371762,3.6745310000014797,40704.775734999996,168859.73827757625
1645856620,840,,Aggregated,55.500000,1.200000,3500,5100,6200,6900,8700,10000,24000,28000,41000,41000,41000,7554,194,3500.0,4488.505871362195,3.6745310000014797,40704.775734999996,167153.5872385491
1645856622,850,,Aggregated,53.600000,1.100000,3500,5300,6300,6900,8700,10000,24000,33000,41000,41000,41000,7692,197,3500.0,4599.401965045635,3.6745310000014797,40704.775734999996,168270.7588403536
1645856624,860,,Aggregated,76.500000,1.500000,3600,5600,6400,7000,8700,10000,25000,34000,41000,41000,41000,7832,198,3600.0,4677.155362458507,3.6745310000014797,40704.775734999996,165546.35074055157
1645856626,870,,Aggregated,71.400000,1.100000,3700,5700,6400,7000,8700,10000,25000,38000,41000,41000,41000,7947,199,3700.0,4741.038717456902,3.6745310000014797,41047.86286000001,165640.47149867876
1645856627,880,,Aggregated,71.700000,1.100000,3800,5900,6500,7000,8700,10000,25000,39000,41000,42000,42000,8162,202,3800.0,4846.925331084049,3.6745310000014797,41744.01375399998,162345.39267336437
1645856629,890,,Aggregated,76.000000,0.900000,3800,5900,6500,7000,8700,10000,25000,39000,42000,42000,42000,8192,203,3800.0,4871.444176614625,3.6745310000014797,41770.23480299999,162746.1922607422
1645856631,900,,Aggregated,80.000000,1.100000,3900,6000,6500,6900,8600,10000,25000,39000,42000,42000,42000,8375,208,3900.0,4906.171543097557,3.6745310000014797,42386.9459,159538.12179104477
1645856633,910,,Aggregated,80.200000,1.200000,4000,6000,6500,6900,8700,10000,25000,40000,44000,44000,44000,8483,214,4000.0,5009.822028834026,3.6745310000014797,43853.011682999975,160784.8843569492
1645856634,920,,Aggregated,76.200000,1.300000,4000,6100,6500,7000,8700,10000,25000,40000,44000,44000,44000,8556,215,4000.0,5032.821925103443,3.6745310000014797,44350.750690999914,160674.041257597
1645856638,930,,Aggregated,79.100000,1.700000,4100,6100,6600,7100,8700,10000,25000,40000,44000,45000,45000,8637,217,4100.0,5076.361525434765,3.6745310000014797,45444.90446800001,161656.44332522867
1645856640,940,,Aggregated,47.500000,1.500000,4200,6200,6700,7200,9000,12000,26000,40000,49000,49000,49000,8743,223,4200.0,5191.84782107641,3.6745310000014797,48887.16483099995,163108.64714628845
1645856646,950,,Aggregated,21.700000,0.900000,4200,6200,6700,7200,9000,12000,26000,40000,49000,49000,49000,8752,223,4200.0,5203.725816083872,3.6745310000014797,48887.16483099995,162941.1662477148
1645856647,960,,Aggregated,18.700000,0.800000,4200,6200,6700,7200,9100,13000,26000,40000,49000,55000,55000,8800,224,4200.0,5274.661309448756,3.6745310000014797,55275.32590500005,164127.77261363636
1645856655,970,,Aggregated,15.900000,0.400000,4300,6200,6800,7200,9700,18000,27000,40000,55000,55000,55000,8931,229,4300.0,5532.659659548768,3.6745310000014797,55275.32590500005,162479.83484492218
1645856656,980,,Aggregated,15.900000,0.400000,4300,6300,6800,7300,9900,18000,27000,40000,55000,55000,55000,8995,235,4300.0,5672.234091382552,3.6745310000014797,55275.32590500005,163242.70516953862
1645856662,990,,Aggregated,15.600000,1.300000,4400,6300,7000,7400,10000,23000,28000,40000,55000,69000,69000,9069,240,4400.0,5863.263937507228,3.6745310000014797,68619.70708600007,161915.30697982138
1645856664,1000,,Aggregated,15.600000,1.300000,4400,6300,7100,7600,11000,25000,29000,41000,68000,69000,69000,9211,241,4400.0,6260.396531810777,3.6745310000014797,68619.70708600007,160243.5258929541
1645856669,1000,,Aggregated,16.700000,1.300000,4400,6300,7100,7700,12000,25000,30000,41000,68000,69000,69000,9233,245,4400.0,6313.562203227452,3.6745310000014797,68619.70708600007,160959.99382649193
1645856671,1000,,Aggregated,17.500000,0.500000,4600,6400,7200,8100,17000,27000,31000,41000,68000,74000,74000,9382,249,4600.0,6679.634041075797,3.6745310000014797,73706.3088110001,161494.5882541036
1645856676,1000,,Aggregated,17.900000,0.800000,4600,6400,7200,8100,18000,28000,31000,41000,68000,80000,80000,9416,249,4600.0,6788.840820495234,3.6745310000014797,79873.76554299999,160913.1035471538
1645856677,1000,,Aggregated,15.400000,0.400000,4700,6400,7200,8200,18000,29000,31000,41000,69000,80000,80000,9506,249,4700.0,7015.332227226819,3.6745310000014797,79873.76554299999,160241.97317483695
1645856683,1000,,Aggregated,17.200000,0.100000,4700,6400,7300,8200,23000,29000,31000,41000,77000,80000,80000,9576,251,4700.0,7167.701150911254,3.6745310000014797,79873.76554299999,161537.15538847118
1645856684,1000,,Aggregated,17.200000,0.100000,4700,6500,7300,8500,24000,29000,32000,41000,77000,83000,83000,9637,252,4700.0,7301.958967761146,3.6745310000014797,82675.17973499991,161411.84601016913
1645856689,1000,,Aggregated,21.200000,0.300000,4800,6500,7400,8600,24000,29000,33000,41000,80000,88000,88000,9673,252,4800.0,7414.590196113424,3.6745310000014797,87788.02347499994,160813.47027809365
1645856690,1000,,Aggregated,21.200000,0.300000,4800,6500,7400,8600,25000,29000,33000,41000,80000,88000,88000,9707,256,4800.0,7490.796582913997,3.6745310000014797,87788.02347499994,162387.4010507881
1645856695,1000,,Aggregated,16.300000,0.500000,4900,6600,7500,8700,25000,29000,35000,42000,93000,94000,94000,9769,256,4900.0,7702.14638146752,3.6745310000014797,93511.18605400006,162677.75534855155
1645856696,1000,,Aggregated,16.300000,0.500000,4900,6600,7500,8800,25000,29000,36000,42000,93000,94000,94000,9787,256,4900.0,7748.256866557496,3.6745310000014797,93511.18605400006,165247.01001328294
1645856699,1000,,Aggregated,8.400000,0.400000,4900,6600,7500,8800,25000,29000,36000,42000,93000,94000,94000,9796,256,4900.0,7791.212382023604,3.6745310000014797,94476.948742,167848.3516741527
1645856701,1000,,Aggregated,14.200000,0.400000,4900,6700,7700,9100,25000,30000,37000,42000,94000,98000,98000,9879,258,4900.0,8045.779336449758,3.6745310000014797,97524.91380900005,168072.22765462092
1645856706,1000,,Aggregated,13.700000,0.100000,5100,6700,7900,9500,27000,31000,37000,42000,94000,98000,98000,9964,260,5100.0,8257.550556971815,3.6745310000014797,98283.17552199996,169316.81212364513
1645856708,1000,,Aggregated,22.600000,0.400000,5200,6800,8100,9700,28000,32000,37000,42000,94000,103000,103000,10053,262,5200.0,8505.482314069151,3.6745310000014797,102841.99781400003,168809.7566895454
1645856713,1000,,Aggregated,26.800000,0.500000,5300,6800,8200,10000,28000,32000,39000,44000,104000,107000,107000,10153,262,5300.0,8894.11202898544,3.6745310000014797,107410.34002699995,167197.88367970058
1645856716,1000,,Aggregated,18.900000,0.200000,5500,7000,8600,11000,29000,32000,39000,44000,104000,107000,107000,10307,264,5500.0,9302.625629700806,3.6745310000014797,107410.34002699995,168043.83632482777
1645856719,1000,,Aggregated,33.000000,0.400000,5500,7000,8600,11000,29000,33000,39000,45000,104000,107000,110000,10326,265,5500.0,9357.862221598121,3.6745310000014797,110327.91740899984,167735.24869262057
1645856720,1000,,Aggregated,25.400000,0.200000,5700,7100,8900,15000,30000,34000,39000,55000,111000,111000,111000,10465,268,5700.0,9746.002985056584,3.6745310000014797,111200.30262299997,166563.9840420449
1645856725,1000,,Aggregated,36.300000,0.900000,5700,7100,9000,17000,30000,34000,40000,55000,111000,111000,111000,10528,271,5700.0,9872.039258629668,3.6745310000014797,111200.30262299997,165793.18474544073
1645856727,1000,,Aggregated,20.400000,0.700000,5800,7200,9600,18000,30000,35000,40000,63000,111000,114000,114000,10680,274,5800.0,10174.04438514448,3.6745310000014797,113693.69701700009,164042.01104868914
1645856732,1000,,Aggregated,43.200000,0.900000,5900,7200,9900,20000,30000,35000,40000,68000,114000,114000,114000,10813,274,5900.0,10365.749158602532,3.6745310000014797,113991.061316,162093.99593082402
1645856733,1000,,Aggregated,28.900000,0.300000,5900,7300,10000,20000,30000,35000,40000,74000,117000,118000,118000,10904,279,5900.0,10556.4068381695,3.6745310000014797,117740.31122799989,161947.8554658841
1645856739,1000,,Aggregated,29.800000,0.600000,5900,7400,11000,20000,30000,35000,40000,77000,118000,123000,123000,10981,280,5900.0,10647.963591990185,3.6745310000014797,123300.45673200005,161134.2629086604
1645856741,1000,,Aggregated,17.000000,0.600000,6000,7400,11000,22000,30000,35000,40000,77000,118000,123000,123000,11057,282,6000.0,10766.068773339985,3.6745310000014797,123300.45673200005,161466.65777335624
1645856746,1000,,Aggregated,17.500000,0.500000,6000,7500,12000,23000,30000,35000,40000,77000,118000,123000,123000,11098,284,6000.0,10816.611668979114,3.6745310000014797,123300.45673200005,161431.3835826275
1645856748,1000,,Aggregated,11.700000,0.400000,6000,7700,17000,24000,29000,35000,41000,80000,123000,129000,129000,11203,285,6000.0,11032.025725468642,3.6745310000014797,129388.369571,161481.26385789522
1645856754,1000,,Aggregated,18.000000,0.300000,6100,7800,17000,24000,30000,35000,41000,93000,129000,135000,135000,11257,285,6100.0,11212.88468341851,3.6745310000014797,134737.77213400012,161477.6257439815
1645856761,1000,,Aggregated,8.000000,0.100000,6100,7900,18000,24000,30000,35000,41000,93000,130000,135000,135000,11330,286,6100.0,11342.999806475571,3.6745310000014797,134923.75113100014,161344.58932038836
1645856762,1000,,Aggregated,8.000000,0.100000,6200,8100,18000,25000,31000,36000,41000,94000,135000,142000,142000,11421,293,6200.0,11619.900290623862,3.6745310000014797,142223.33821400002,160204.98345153665
1645856770,1000,,Aggregated,18.200000,0.800000,6200,8200,19000,25000,31000,36000,42000,94000,135000,142000,142000,11519,294,6200.0,11846.118221436765,3.6745310000014797,142430.67048600005,158845.96692421217
1645856771,1000,,Aggregated,18.200000,0.800000,6200,8200,20000,25000,31000,37000,43000,102000,142000,150000,150000,11606,296,6200.0,12145.213842478383,3.6745310000014797,150388.15401600004,158217.4863863519
1645856779,1000,,Aggregated,14.300000,0.300000,6200,8400,20000,25000,32000,37000,44000,102000,150000,154000,154000,11666,297,6200.0,12339.071414888229,3.6745310000014797,153576.25068999993,158326.51534373392
1645856781,1000,,Aggregated,14.300000,0.300000,6200,8600,20000,25000,32000,37000,46000,104000,151000,159000,159000,11737,302,6200.0,12616.40301942047,3.6745310000014797,158836.88164600005,159245.9650677345
1645856791,1000,,Aggregated,13.500000,0.500000,6200,8700,22000,26000,32000,39000,47000,104000,158000,159000,159000,11796,302,6200.0,12829.04648055859,3.6745310000014797,158836.88164600005,161112.7968802984
1645856798,1000,,Aggregated,11.300000,0.200000,6300,8900,24000,26000,33000,40000,52000,107000,159000,175000,175000,11913,304,6300.0,13294.724899774777,3.6745310000014797,175086.48502799997,160253.7494333921
1645856801,1000,,Aggregated,13.600000,0.200000,6300,9000,24000,27000,35000,41000,53000,109000,168000,176000,176000,11963,307,6300.0,13496.316162824949,3.6745310000014797,176116.07158599998,162680.71194516425
1645856808,1000,,Aggregated,7.300000,0.300000,6300,9100,24000,27000,35000,42000,55000,109000,175000,183000,184000,11985,308,6300.0,13604.45223533733,3.6745310000014797,183884.27201699995,162662.2131831456
1645856819,1000,,Aggregated,10.400000,0.500000,6300,9500,24000,27000,36000,44000,61000,109000,175000,183000,184000,12083,312,6300.0,13985.770461482161,3.6745310000014797,183884.27201699995,162290.81345692294
1645856820,1000,,Aggregated,8.500000,0.400000,6300,9700,25000,28000,36000,46000,65000,111000,175000,194000,194000,12189,316,6300.0,14493.87394605193,3.6745310000014797,194490.40908100017,162202.0872918205
1645856827,1000,,Aggregated,19.800000,0.700000,6300,9900,25000,28000,37000,52000,65000,111000,175000,194000,194000,12283,319,6300.0,14842.117435567689,3.6745310000014797,194490.40908100017,160962.61939265652
1645856829,1000,,Aggregated,19.800000,0.700000,6400,10000,25000,29000,37000,57000,65000,111000,194000,202000,202000,12398,323,6400.0,15314.861229340373,3.6745310000014797,201959.81426699995,160910.14066784966
1645856834,1000,,Aggregated,15.900000,0.400000,6400,10000,25000,29000,39000,57000,65000,111000,194000,202000,202000,12445,323,6400.0,15505.537183821449,3.6745310000014797,202300.038321,160389.44949779028
1645856836,1000,,Aggregated,15.900000,0.400000,6400,11000,25000,29000,39000,57000,65000,111000,194000,206000,206000,12525,350,6400.0,15827.09675098922,3.6745310000014797,205979.82256799992,161362.06746506985
1645856842,1000,,Aggregated,10.100000,2.700000,6400,11000,25000,29000,39000,58000,65000,113000,201000,213000,213000,12540,351,6400.0,15917.004137768257,3.6745310000014797,212858.579522,161169.30653907495
1645856843,1000,,Aggregated,10.100000,2.700000,6400,12000,26000,29000,42000,58000,65000,113000,202000,213000,213000,12645,352,6400.0,16258.322933439626,3.6745310000014797,213498.289956,160890.82767892448
1645856851,1000,,Aggregated,14.100000,0.200000,6500,15000,26000,29000,42000,58000,65000,113000,202000,213000,213000,12683,360,6500.0,16373.132380427825,3.6745310000014797,213498.289956,160496.8168414413
1645856853,1000,,Aggregated,14.100000,0.200000,6500,16000,26000,29000,43000,58000,65000,113000,202000,213000,213000,12719,360,6500.0,16493.04217992422,3.6745310000014797,213498.289956,161477.9510181618
1645856860,1000,,Aggregated,10.500000,0.900000,6500,17000,27000,30000,45000,58000,65000,113000,202000,213000,213000,12787,361,6500.0,16672.75216067084,3.6745310000014797,213498.289956,160974.4119809181
1645856862,1000,,Aggregated,10.500000,0.900000,6600,18000,27000,31000,46000,59000,69000,114000,213000,231000,231000,12935,365,6600.0,17213.684630534986,3.6745310000014797,230548.18992899993,159358.40100502514
1645856871,1000,,Aggregated,20.100000,0.100000,6600,18000,27000,31000,46000,59000,77000,117000,231000,231000,232000,12974,365,6600.0,17431.662487583788,3.6745310000014797,232083.41680700006,161725.4142901187
1645856872,1000,,Aggregated,20.300000,0.400000,6600,19000,28000,31000,47000,59000,80000,118000,231000,239000,239000,12997,366,6600.0,17556.182903596604,3.6745310000014797,238603.48708499997,163033.65030391628
1645856882,1000,,Aggregated,5.700000,0.100000,6700,19000,28000,31000,50000,59000,82000,118000,231000,239000,239000,13055,367,6700.0,17760.836406713603,3.6745310000014797,238603.48708499997,162934.79977020298
1645856883,1000,,Aggregated,5.700000,0.100000,6700,19000,28000,31000,51000,59000,82000,118000,231000,239000,239000,13076,367,6700.0,17830.704042590474,3.6745310000014797,238603.48708499997,164499.93193637198
1645856892,1000,,Aggregated,8.000000,0.900000,6700,20000,28000,32000,52000,59000,82000,118000,231000,239000,258000,13130,375,6700.0,18021.188284249507,3.6745310000014797,257642.26419499994,163825.0611576542
1645856894,1000,,Aggregated,8.000000,0.900000,6700,20000,28000,32000,52000,61000,82000,118000,231000,258000,259000,13213,375,6700.0,18431.948465531677,3.6745310000014797,259115.06689800002,164978.32725346248
1645856906,1000,,Aggregated,1.400000,0.000000,6700,20000,29000,32000,52000,61000,82000,123000,238000,271000,271000,13242,375,6700.0,18616.559731646805,3.6745310000014797,271167.1559340001,164701.61493732064
1645856908,1000,,Aggregated,0.000000,0.000000,6800,21000,29000,32000,52000,63000,91000,129000,258000,271000,275000,13350,378,6800.0,19238.956635860675,3.6745310000014797,274610.32104899996,164447.2274906367
1645856918,1000,,Aggregated,15.900000,0.300000,6800,22000,29000,33000,53000,65000,91000,129000,258000,271000,275000,13386,380,6800.0,19386.800395723367,3.6745310000014797,274610.32104899996,165558.0142686389
1645856928,1000,,Aggregated,4.900000,0.000000,7000,24000,30000,36000,57000,67000,94000,142000,271000,275000,278000,13605,402,7000.0,20592.518933003594,3.6745310000014797,277986.2716040002,165139.1882396178
1645856930,1000,,Aggregated,22.200000,2.400000,7000,24000,31000,36000,57000,73000,102000,168000,272000,278000,296000,13681,402,7000.0,21384.389640169924,3.6745310000014797,296113.017733,164414.54272348512
1645856938,1000,,Aggregated,15.100000,1.300000,7100,25000,31000,36000,59000,73000,102000,159000,272000,278000,296000,13768,415,7100.0,21657.650524608944,3.6745310000014797,296113.017733,163486.9845293434
1645856939,1000,,Aggregated,15.100000,1.300000,7100,25000,31000,37000,59000,75000,102000,159000,272000,278000,296000,13954,420,7100.0,21956.80643727223,3.6745310000014797,296113.017733,162035.2109789308
1645856948,1000,,Aggregated,32.400000,0.800000,7200,25000,31000,37000,59000,74000,99000,159000,272000,278000,296000,14104,424,7200.0,22128.927509426154,3.6745310000014797,296113.017733,160901.2449659671
1645856950,1000,,Aggregated,31.200000,0.800000,7200,25000,31000,37000,59000,74000,102000,168000,272000,278000,296000,14272,434,7200.0,22362.604106654406,3.6745310000014797,296113.017733,159488.49593609865
1645856961,1000,,Aggregated,17.300000,1.100000,7200,25000,31000,37000,59000,74000,102000,168000,272000,278000,296000,14282,435,7200.0,22367.243349933877,3.6745310000014797,296113.017733,159376.86619521075
1645856963,1000,,Aggregated,1.200000,0.200000,7200,25000,31000,37000,59000,74000,102000,168000,272000,278000,296000,14300,439,7200.0,22391.707614075007,3.6745310000014797,296113.017733,161062.23300699302
1645856974,1000,,Aggregated,1.800000,0.400000,7300,25000,31000,37000,59000,74000,102000,168000,272000,278000,296000,14315,440,7300.0,22413.846954405013,3.6745310000014797,296113.017733,161072.45518686692
1645856975,1000,,Aggregated,0.000000,0.000000,7400,25000,32000,37000,59000,74000,102000,175000,272000,311000,318000,14542,441,7400.0,22794.887810757435,3.6745310000014797,317574.60182499996,158946.28854352908
1645856985,1000,,Aggregated,28.800000,0.300000,7400,26000,32000,39000,59000,73000,102000,175000,272000,311000,318000,14628,444,7400.0,22902.50853106943,3.6745310000014797,317574.60182499996,158724.400601586
1645856986,1000,,Aggregated,28.800000,0.300000,7500,26000,34000,39000,59000,73000,102000,175000,272000,311000,318000,14680,453,7500.0,22988.074020034855,3.6745310000014797,317574.60182499996,158955.2690054496
1645857001,1000,,Aggregated,0.000000,0.000000,7700,26000,35000,39000,59000,73000,102000,175000,272000,311000,318000,14755,456,7700.0,23115.652108108618,3.6745310000014797,317574.60182499996,159241.04256184344
1645857003,1000,,Aggregated,0.000000,0.000000,7700,26000,35000,40000,59000,73000,102000,168000,272000,311000,318000,14806,456,7700.0,23225.456387622904,3.6745310000014797,317574.60182499996,160514.18303390517
1645857014,1000,,Aggregated,1.600000,0.000000,7700,27000,36000,41000,59000,73000,104000,168000,272000,311000,318000,14833,456,7700.0,23362.39538326034,3.6745310000014797,317574.60182499996,160562.848580867
1645857015,1000,,Aggregated,1.600000,0.000000,7900,27000,36000,42000,59000,74000,103000,168000,272000,311000,318000,14912,459,7900.0,23591.023903045392,3.6745310000014797,317574.60182499996,160114.8925026824
1645857029,1000,,Aggregated,0.000000,0.000000,7900,27000,36000,42000,60000,74000,103000,168000,272000,311000,318000,14933,460,7900.0,23652.407135272744,3.6745310000014797,317574.60182499996,160268.51610527022
1645857030,1000,,Aggregated,0.000000,0.000000,7900,27000,36000,42000,61000,74000,103000,168000,272000,311000,318000,14966,460,7900.0,23752.717949174854,3.6745310000014797,317574.60182499996,161136.01817452893
1645857043,1000,,Aggregated,0.000000,0.000000,8100,27000,36000,42000,61000,75000,107000,170000,272000,311000,318000,15029,476,8100.0,23980.27988205428,3.6745310000014797,317574.60182499996,160732.11724000267
1645857044,1000,,Aggregated,0.000000,0.000000,8200,28000,36000,42000,61000,75000,107000,175000,272000,311000,318000,15159,511,8200.0,24263.515221640522,3.6745310000014797,317574.60182499996,159454.61250742132
1645857052,1000,,Aggregated,19.300000,3.700000,8200,28000,36000,43000,61000,75000,107000,175000,272000,311000,318000,15255,514,8200.0,24461.14552066711,3.6745310000014797,317574.60182499996,158453.33215339234
1645857054,1000,,Aggregated,19.300000,3.700000,8300,28000,37000,43000,62000,75000,107000,175000,272000,311000,318000,15360,517,8300.0,24586.195681627716,3.6745310000014797,317574.60182499996,158324.74811197916
1645857060,1000,,Aggregated,16.300000,0.600000,8500,28000,37000,43000,62000,75000,107000,175000,272000,311000,318000,15418,519,8500.0,24630.121911731916,3.6745310000014797,317574.60182499996,157958.26715527306
1645857062,1000,,Aggregated,16.300000,0.600000,8500,28000,37000,44000,62000,75000,104000,175000,272000,311000,318000,15455,523,8500.0,24682.65434175825,3.6745310000014797,317574.60182499996,158733.8669039146
1645857070,1000,,Aggregated,8.200000,0.400000,8600,28000,37000,44000,62000,75000,108000,176000,273000,401000,401000,15503,524,8600.0,24893.565914570456,3.6745310000014797,400530.599638,158244.5452493066
1645857072,1000,,Aggregated,8.200000,0.400000,8700,28000,37000,43000,62000,75000,107000,176000,273000,401000,401000,15588,525,8700.0,24915.219237892412,3.6745310000014797,400530.599638,158553.72934308441
1645857080,1000,,Aggregated,14.800000,0.300000,8800,28000,37000,43000,61000,75000,107000,176000,273000,401000,401000,15646,526,8800.0,24935.964072872815,3.6745310000014797,400530.599638,158105.44925220503
1645857081,1000,,Aggregated,14.800000,0.300000,9100,28000,37000,43000,61000,75000,110000,183000,273000,401000,401000,15801,528,9100.0,25103.06255760028,3.6745310000014797,400530.599638,157062.84943990887
1645857091,1000,,Aggregated,22.900000,0.300000,9200,28000,37000,43000,61000,75000,110000,183000,273000,401000,401000,15863,529,9200.0,25101.78708537831,3.6745310000014797,400530.599638,157102.74191514845
1645857092,1000,,Aggregated,22.900000,0.300000,9600,28000,36000,43000,61000,75000,111000,194000,311000,422000,422000,16009,532,9600.0,25312.83657453772,3.6745310000014797,421911.3784040001,156165.6101567868
1645857104,1000,,Aggregated,10.700000,0.200000,9700,28000,36000,43000,61000,75000,111000,194000,311000,422000,422000,16046,532,9700.0,25325.721972520325,3.6745310000014797,421911.3784040001,156174.28561635298
1645857106,1000,,Aggregated,1.200000,0.000000,10000,28000,36000,42000,61000,75000,111000,202000,311000,422000,422000,16245,535,10000.0,25454.787747813836,3.6745310000014797,421911.3784040001,154900.95801785163
1645857116,1000,,Aggregated,22.400000,0.300000,10000,28000,36000,42000,61000,75000,111000,202000,311000,422000,422000,16263,537,10000.0,25465.482215053908,3.6745310000014797,421911.3784040001,154797.78109819838
1645857128,1000,,Aggregated,0.000000,0.000000,10000,28000,36000,42000,61000,75000,111000,206000,311000,422000,422000,16338,545,10000.0,25540.038995154842,3.6745310000014797,421911.3784040001,156222.2387073081
1645857130,1000,,Aggregated,0.100000,0.000000,11000,29000,37000,42000,61000,75000,114000,213000,311000,422000,422000,16450,548,10000.0,25764.08033372741,3.6745310000014797,421911.3784040001,156269.1321580547
1645857139,1000,,Aggregated,13.300000,0.300000,11000,29000,37000,42000,61000,75000,114000,213000,311000,422000,422000,16487,548,11000.0,25802.257687015943,3.6745310000014797,421911.3784040001,156520.6681021411
1645857141,1000,,Aggregated,13.300000,0.300000,11000,29000,37000,42000,61000,75000,113000,209000,311000,422000,422000,16517,548,11000.0,25825.636848967595,3.6745310000014797,421911.3784040001,157491.11763637463
1645857151,1000,,Aggregated,7.300000,0.000000,11000,29000,37000,42000,61000,75000,114000,219000,311000,422000,422000,16567,549,11000.0,26035.725425099277,3.6745310000014797,421911.3784040001,159536.71624313394
1645857159,1000,,Aggregated,4.800000,0.100000,11000,29000,37000,43000,61000,75000,114000,219000,311000,422000,422000,16626,549,11000.0,26123.353969470652,3.6745310000014797,421911.3784040001,159037.85023457237
1645857161,1000,,Aggregated,7.300000,0.100000,12000,29000,37000,44000,61000,75000,114000,219000,311000,422000,422000,16730,554,12000.0,26297.12251816336,3.6745310000014797,421911.3784040001,159743.0985056784
1645857168,1000,,Aggregated,13.800000,0.500000,13000,29000,37000,44000,61000,75000,114000,219000,311000,422000,422000,16762,560,13000.0,26349.042696715132,3.6745310000014797,421911.3784040001,159439.16089965397
1645857169,1000,,Aggregated,13.800000,0.500000,17000,30000,37000,45000,61000,75000,114000,230000,311000,422000,422000,16896,567,17000.0,26659.878738872936,3.6745310000014797,421911.3784040001,158883.55628551135
1645857178,1000,,Aggregated,18.400000,1.400000,17000,30000,38000,45000,61000,75000,114000,230000,311000,422000,422000,16943,569,17000.0,26712.17945107621,3.6745310000014797,421911.3784040001,158597.2422239273
1645857180,1000,,Aggregated,18.400000,1.400000,18000,30000,38000,45000,61000,75000,114000,219000,311000,422000,422000,17008,569,18000.0,26781.02700716071,3.6745310000014797,421911.3784040001,158958.80285747885
1645857190,1000,,Aggregated,13.600000,0.800000,18000,30000,39000,46000,61000,75000,118000,230000,400000,510000,510000,17036,569,18000.0,27050.879298936736,3.6745310000014797,510495.55562199996,160049.468713313
1645857192,1000,,Aggregated,9.300000,0.000000,18000,31000,39000,46000,61000,75000,118000,230000,400000,510000,510000,17150,572,18000.0,27140.101374170867,3.6745310000014797,510495.55562199996,160117.86396501458
1645857203,1000,,Aggregated,11.000000,0.300000,19000,31000,39000,46000,61000,75000,118000,230000,400000,510000,510000,17194,572,19000.0,27170.531956357187,3.6745310000014797,510495.55562199996,159708.71356287078
1645857205,1000,,Aggregated,0.000000,0.000000,19000,31000,39000,45000,61000,75000,118000,230000,400000,510000,510000,17244,576,19000.0,27221.13505860918,3.6745310000014797,510495.55562199996,160199.5972512178
1645857217,1000,,Aggregated,0.100000,0.000000,19000,31000,39000,46000,61000,75000,117000,230000,400000,510000,510000,17268,576,19000.0,27253.77926793368,3.6745310000014797,510495.55562199996,160538.7994556405
1645857219,1000,,Aggregated,0.300000,0.000000,19000,31000,39000,46000,61000,75000,118000,231000,401000,510000,546000,17344,578,19000.0,27539.267662428738,3.6745310000014797,545988.2766770001,161032.79946955718
1645857236,1000,,Aggregated,0.000000,0.000000,19000,31000,39000,46000,61000,75000,118000,231000,401000,510000,546000,17363,578,19000.0,27582.731836356797,3.6745310000014797,545988.2766770001,162047.68749640038
1645857247,1000,,Aggregated,1.300000,0.000000,20000,31000,40000,46000,61000,75000,118000,231000,401000,510000,546000,17418,583,20000.0,27709.06930098823,3.6745310000014797,545988.2766770001,162584.32719026293
1645857248,1000,,Aggregated,6.100000,0.500000,20000,32000,41000,47000,65000,76000,123000,238000,401000,510000,546000,17613,607,20000.0,28329.459834132536,3.6745310000014797,545988.2766770001,161261.64724919095
1645857259,1000,,Aggregated,0.300000,0.100000,20000,32000,41000,47000,65000,76000,123000,238000,401000,510000,546000,17641,631,20000.0,28362.921149389673,3.6745310000014797,545988.2766770001,162357.72297488805
1645857260,1000,,Aggregated,22.100000,4.800000,20000,32000,41000,47000,65000,76000,128000,243000,401000,584000,584000,17772,637,20000.0,28666.893133078687,3.6745310000014797,584046.398852,161164.03888138646
1645857270,1000,,Aggregated,15.000000,0.800000,20000,32000,42000,47000,65000,76000,128000,243000,401000,584000,584000,17826,639,20000.0,28721.691312156814,3.6745310000014797,584046.398852,161132.66997643892
1645857272,1000,,Aggregated,15.000000,0.800000,20000,32000,42000,47000,65000,76000,128000,243000,401000,584000,584000,18019,642,20000.0,28795.91572681937,3.6745310000014797,584046.398852,160480.07037016482
1645857281,1000,,Aggregated,22.800000,0.300000,20000,32000,42000,47000,65000,76000,128000,243000,401000,584000,584000,18035,651,20000.0,28795.90119972094,3.6745310000014797,584046.398852,160479.620293873
1645857283,1000,,Aggregated,19.300000,0.300000,21000,32000,41000,47000,65000,76000,129000,256000,422000,606000,606000,18181,656,21000.0,29040.37693653387,3.6745310000014797,605638.7817799998,160213.38793245697
1645857293,1000,,Aggregated,16.200000,1.400000,21000,32000,41000,47000,65000,76000,128000,256000,422000,606000,606000,18217,657,21000.0,29045.457410589537,3.6745310000014797,605638.7817799998,160468.333918867
1645857307,1000,,Aggregated,13.600000,0.200000,22000,32000,41000,47000,65000,76000,128000,255000,422000,606000,606000,18335,658,22000.0,29015.458597933386,3.6745310000014797,605638.7817799998,159743.76618489227
1645857309,1000,,Aggregated,0.000000,0.000000,22000,32000,41000,47000,65000,76000,129000,265000,426000,606000,606000,18459,663,22000.0,29301.10435567699,3.6745310000014797,605638.7817799998,159827.0031420987
1645857323,1000,,Aggregated,0.400000,0.000000,22000,32000,41000,47000,65000,76000,129000,265000,426000,606000,606000,18481,669,22000.0,29316.95740659794,3.6745310000014797,605638.7817799998,160624.1793193009
1645857338,1000,,Aggregated,0.000000,0.000000,22000,32000,42000,47000,65000,76000,130000,266000,442000,606000,606000,18547,669,22000.0,29620.003038469793,3.6745310000014797,605638.7817799998,160358.39375640266
1645857340,1000,,Aggregated,0.000000,0.000000,22000,33000,42000,48000,65000,76000,130000,266000,442000,606000,606000,18614,671,22000.0,29720.762199434022,3.6745310000014797,605638.7817799998,160840.8423767057
1645857352,1000,,Aggregated,6.100000,0.400000,22000,33000,42000,49000,65000,76000,130000,266000,442000,606000,606000,18690,675,22000.0,29836.230180574108,3.6745310000014797,605638.7817799998,160529.5317281969
1645857354,1000,,Aggregated,0.000000,0.000000,22000,35000,42000,50000,65000,76000,142000,267000,470000,606000,606000,18798,676,22000.0,30249.18490262948,3.6745310000014797,605638.7817799998,160256.15352697094
1645857364,1000,,Aggregated,15.000000,0.200000,22000,35000,42000,50000,65000,76000,142000,267000,470000,606000,606000,18833,679,22000.0,30301.24738296146,3.6745310000014797,605638.7817799998,160208.5727181012
1645857375,1000,,Aggregated,9.800000,0.700000,22000,35000,42000,51000,65000,76000,135000,267000,470000,606000,606000,18909,687,22000.0,30418.72851526787,3.6745310000014797,605638.7817799998,160203.75910941878
1645857378,1000,,Aggregated,3.200000,0.500000,22000,35000,43000,51000,65000,76000,135000,267000,470000,606000,606000,18934,690,22000.0,30467.933654799523,3.6745310000014797,605638.7817799998,162586.97010668638
1645857386,1000,,Aggregated,3.800000,0.700000,22000,35000,43000,51000,65000,76000,135000,267000,470000,606000,606000,18950,693,22000.0,30504.214606623165,3.6745310000014797,605638.7817799998,162986.1690237467
1645857388,1000,,Aggregated,3.800000,0.700000,22000,35000,43000,51000,65000,76000,135000,267000,470000,606000,606000,18958,696,22000.0,30520.73602569231,3.6745310000014797,605638.7817799998,164344.58961915813
1645857399,1000,,Aggregated,0.800000,0.300000,22000,35000,43000,51000,65000,76000,135000,267000,470000,606000,606000,18973,696,22000.0,30555.81471892984,3.6745310000014797,605638.7817799998,164214.79676382226
1645857402,1000,,Aggregated,0.000000,0.000000,23000,35000,43000,52000,65000,76000,142000,267000,510000,606000,606000,19031,700,23000.0,30938.571444159337,3.6745310000014797,605638.7817799998,165632.57958068413
1645857413,1000,,Aggregated,0.100000,0.000000,23000,36000,43000,52000,65000,76000,142000,267000,510000,606000,606000,19077,714,23000.0,31042.978044085296,3.6745310000014797,605638.7817799998,165233.70629553913
1645857415,1000,,Aggregated,0.000000,0.000000,23000,36000,44000,52000,65000,76000,142000,267000,510000,606000,606000,19143,736,23000.0,31161.717129098535,3.6745310000014797,605638.7817799998,165408.50342161625
1645857431,1000,,Aggregated,0.000000,0.000000,23000,36000,44000,52000,66000,76000,150000,268000,516000,606000,606000,19175,757,23000.0,31376.211525969768,3.6745310000014797,605638.7817799998,165132.64970013037
1645857434,1000,,Aggregated,1.100000,0.000000,23000,36000,44000,52000,66000,76000,150000,268000,516000,606000,606000,19181,757,23000.0,31392.22424436079,3.6745310000014797,605638.7817799998,168039.18930191334
1645857448,1000,,Aggregated,0.000000,0.000000,23000,36000,44000,52000,66000,76000,142000,267000,516000,606000,606000,19220,775,23000.0,31494.757753563015,3.6745310000014797,605638.7817799998,167698.63189386055
1645857463,1000,,Aggregated,0.000000,0.000000,23000,36000,45000,52000,66000,76000,150000,268000,516000,606000,606000,19290,798,23000.0,31720.855022706906,3.6745310000014797,605638.7817799998,167191.53939865215
1645857465,1000,,Aggregated,0.000000,0.000000,23000,36000,46000,52000,66000,77000,150000,269000,548000,606000,606000,19447,811,23000.0,32238.308591777313,3.6745310000014797,605638.7817799998,166236.62894019642
1645857478,1000,,Aggregated,0.000000,0.000000,23000,36000,46000,52000,66000,77000,150000,269000,548000,606000,606000,19490,816,23000.0,32281.74204577389,3.6745310000014797,605638.7817799998,166001.73206772705
1645857480,1000,,Aggregated,0.000000,0.000000,23000,36000,46000,52000,66000,77000,150000,271000,572000,606000,606000,19525,816,23000.0,32435.914604347145,3.6745310000014797,605638.7817799998,167086.37454545454
1645857490,1000,,Aggregated,6.000000,0.400000,23000,36000,46000,53000,66000,77000,150000,271000,572000,606000,606000,19544,819,23000.0,32465.648765127884,3.6745310000014797,605638.7817799998,167162.3584220221
1645857492,1000,,Aggregated,0.000000,0.000000,24000,36000,46000,53000,66000,77000,150000,271000,572000,606000,606000,19609,820,24000.0,32497.3480955292,3.6745310000014797,605638.7817799998,167749.77816308837
1645857502,1000,,Aggregated,8.400000,0.400000,24000,36000,46000,53000,66000,77000,153000,271000,572000,609000,609000,19635,821,24000.0,32684.04694978519,3.6745310000014797,609191.9396589999,167528.447771836
1645857504,1000,,Aggregated,5.400000,0.000000,24000,37000,46000,53000,66000,77000,151000,271000,572000,609000,609000,19762,829,24000.0,32733.06909504184,3.6745310000014797,609191.9396589999,166974.85563202106
1645857519,1000,,Aggregated,0.000000,0.000000,24000,37000,46000,53000,66000,77000,153000,272000,606000,625000,625000,19791,832,24000.0,33072.44806608846,3.6745310000014797,624803.4368840001,168092.87231569906
1645857536,1000,,Aggregated,2.900000,0.300000,24000,37000,46000,53000,66000,77000,153000,272000,606000,625000,625000,19822,834,24000.0,33087.0778150072,3.6745310000014797,624803.4368840001,169191.49071738473
1645857537,1000,,Aggregated,0.000000,0.000000,24000,37000,46000,53000,66000,77000,153000,272000,606000,625000,625000,19837,834,24000.0,33105.892989281274,3.6745310000014797,624803.4368840001,170018.0050914957
1645857551,1000,,Aggregated,0.000000,0.000000,24000,37000,46000,53000,66000,77000,153000,272000,606000,625000,625000,19881,834,24000.0,33150.14437023056,3.6745310000014797,624803.4368840001,169665.29641366127
1645857553,1000,,Aggregated,0.000000,0.000000,24000,37000,46000,53000,66000,77000,158000,272000,625000,660000,660000,19957,841,24000.0,33520.37201931638,3.6745310000014797,659847.2732540001,169965.73908904145
1645857565,1000,,Aggregated,1.100000,0.000000,24000,37000,46000,53000,66000,78000,158000,272000,625000,660000,660000,19978,841,24000.0,33556.87856110947,3.6745310000014797,659847.2732540001,170891.2653919311
1645857576,1000,,Aggregated,2.000000,0.000000,25000,37000,46000,53000,66000,78000,158000,272000,625000,660000,672000,20001,844,25000.0,33630.48808196696,3.6745310000014797,671842.2172729999,171965.44922753863
1645857578,1000,,Aggregated,2.400000,0.300000,25000,37000,47000,53000,67000,78000,158000,272000,625000,660000,672000,20037,845,25000.0,33703.4830607096,3.6745310000014797,671842.2172729999,172905.58975894595
1645857589,1000,,Aggregated,2.500000,0.100000,25000,37000,47000,54000,67000,78000,158000,272000,625000,660000,672000,20077,846,25000.0,33798.909730776875,3.6745310000014797,671842.2172729999,172583.7047865717
1645857593,1000,,Aggregated,3.100000,0.100000,25000,37000,47000,54000,67000,78000,159000,273000,658000,696000,696000,20109,847,25000.0,34241.3215381659,3.6745310000014797,695726.1816510002,175585.08861703714
1645857605,1000,,Aggregated,0.100000,0.000000,25000,37000,47000,54000,67000,78000,159000,273000,658000,696000,696000,20123,849,25000.0,34278.951462900164,3.6745310000014797,695726.1816510002,175463.24066988024
1645857621,1000,,Aggregated,0.000000,0.000000,25000,37000,48000,54000,68000,81000,170000,288000,684000,699000,699000,20224,877,25000.0,34849.57488761321,3.6745310000014797,699495.2745190001,175036.74525316455
1645857623,1000,,Aggregated,0.000000,0.000000,25000,37000,48000,54000,68000,82000,170000,288000,684000,699000,699000,20416,900,25000.0,34980.44876036694,3.6745310000014797,699495.2745190001,173393.75362460816
1645857639,1000,,Aggregated,0.000000,0.000000,25000,37000,48000,54000,68000,82000,170000,288000,684000,699000,699000,20447,902,25000.0,34996.83888122143,3.6745310000014797,699495.2745190001,173131.39639066855
1645857640,1000,,Aggregated,0.000000,0.000000,25000,37000,48000,54000,68000,81000,170000,288000,684000,699000,699000,20490,903,25000.0,34983.78783928759,3.6745310000014797,699495.2745190001,173056.15822352367
1645857654,1000,,Aggregated,0.000000,0.000000,25000,37000,48000,54000,68000,82000,170000,306000,699000,735000,747000,20535,907,25000.0,35324.945315443685,3.6745310000014797,746625.041253,174241.3040662284
1645857666,1000,,Aggregated,0.000000,0.000000,25000,37000,48000,54000,68000,82000,175000,309000,699000,748000,748000,20683,909,25000.0,35650.733902268075,3.6745310000014797,747920.6482919999,173559.85809602088
1645857667,1000,,Aggregated,14.800000,0.200000,25000,37000,48000,54000,68000,82000,183000,345000,748000,759000,978000,20800,913,25000.0,36101.316801920286,3.6745310000014797,977952.9061580001,173015.08927884616
1645857680,1000,,Aggregated,0.000000,0.000000,25000,37000,47000,54000,68000,82000,183000,345000,748000,759000,978000,20821,913,25000.0,36082.40589795711,3.6745310000014797,977952.9061580001,173856.46861341916
1645857682,1000,,Aggregated,0.000000,0.000000,25000,37000,47000,54000,68000,82000,183000,318000,748000,759000,978000,20916,914,25000.0,36046.7067485785,3.6745310000014797,977952.9061580001,173538.15270606233
1645857697,1000,,Aggregated,0.000000,0.000000,25000,37000,47000,54000,68000,82000,194000,375000,758000,774000,978000,20976,914,25000.0,36427.07521972439,3.6745310000014797,977952.9061580001,173454.80668382914
1645857699,1000,,Aggregated,0.000000,0.000000,25000,37000,47000,54000,68000,82000,194000,375000,758000,774000,978000,21033,916,25000.0,36422.58497691504,3.6745310000014797,977952.9061580001,173923.41743926212
1645857713,1000,,Aggregated,0.000000,0.000000,25000,37000,47000,54000,68000,82000,194000,375000,758000,774000,978000,21047,916,25000.0,36429.69598766893,3.6745310000014797,977952.9061580001,173807.78153656103
1645857715,1000,,Aggregated,0.000000,0.000000,25000,37000,47000,54000,68000,82000,202000,387000,759000,796000,978000,21086,916,25000.0,36821.32354980503,3.6745310000014797,977952.9061580001,174642.3595750735
1645857732,1000,,Aggregated,0.000000,0.000000,25000,37000,48000,54000,68000,82000,202000,376000,759000,796000,978000,21140,916,25000.0,36873.571995555314,3.6745310000014797,977952.9061580001,175225.66154210028
1645857744,1000,,Aggregated,2.000000,0.000000,25000,38000,48000,54000,68000,82000,202000,376000,759000,796000,978000,21186,916,25000.0,36913.41509323743,3.6745310000014797,977952.9061580001,176494.78094024357
1645857746,1000,,Aggregated,0.800000,0.000000,26000,38000,49000,55000,68000,82000,206000,387000,764000,796000,978000,21333,919,26000.0,37428.161403696904,3.6745310000014797,977952.9061580001,175925.2550977359
1645857758,1000,,Aggregated,6.700000,0.200000,26000,38000,49000,55000,68000,82000,213000,401000,770000,796000,978000,21371,919,26000.0,37703.261100681804,3.6745310000014797,977952.9061580001,176033.51883393383
1645857760,1000,,Aggregated,0.000000,0.000000,26000,39000,49000,55000,68000,82000,213000,401000,770000,796000,978000,21434,920,26000.0,37761.035094838,3.6745310000014797,977952.9061580001,175931.8524773724
1645857771,1000,,Aggregated,8.800000,0.200000,26000,39000,49000,55000,68000,82000,209000,401000,770000,796000,978000,21485,921,26000.0,37772.132587410604,3.6745310000014797,977952.9061580001,175591.35150104723
1645857773,1000,,Aggregated,0.500000,0.000000,26000,39000,49000,55000,68000,82000,219000,422000,783000,797000,978000,21670,922,26000.0,38111.624372725826,3.6745310000014797,977952.9061580001,174667.7246423627
1645857786,1000,,Aggregated,0.000000,0.000000,26000,39000,49000,54000,68000,82000,219000,422000,783000,812000,978000,21706,922,26000.0,38144.884691323714,3.6745310000014797,977952.9061580001,174632.51349857182
1645857788,1000,,Aggregated,0.000000,0.000000,26000,39000,49000,54000,68000,82000,219000,426000,796000,812000,978000,21779,923,26000.0,38373.16574263642,3.6745310000014797,977952.9061580001,174940.24721061572
1645857804,1000,,Aggregated,0.000000,0.000000,27000,39000,49000,54000,68000,82000,219000,426000,796000,812000,978000,21831,924,27000.0,38370.478469179034,3.6745310000014797,977952.9061580001,174782.4645229261
1645857805,1000,,Aggregated,0.000000,0.000000,27000,39000,48000,54000,68000,82000,230000,442000,797000,830000,978000,21918,927,27000.0,38757.64470712497,3.6745310000014797,977952.9061580001,174922.46432156218
1645857824,1000,,Aggregated,0.000000,0.000000,27000,39000,49000,54000,68000,82000,230000,442000,797000,830000,978000,21977,927,27000.0,38769.67826899394,3.6745310000014797,977952.9061580001,174552.36019474905
1645857840,1000,,Aggregated,0.000000,0.000000,27000,39000,49000,54000,68000,82000,231000,470000,830000,850000,978000,22115,928,27000.0,39217.75479131816,3.6745310000014797,977952.9061580001,174144.6052905268
1645857842,1000,,Aggregated,0.000000,0.000000,27000,39000,49000,54000,68000,82000,230000,470000,830000,850000,978000,22154,928,27000.0,39243.86137744639,3.6745310000014797,977952.9061580001,175157.13478378623
1645857855,1000,,Aggregated,0.000000,0.000000,27000,39000,49000,54000,68000,82000,230000,470000,830000,850000,978000,22187,928,27000.0,39274.32898318015,3.6745310000014797,977952.9061580001,174897.17393068012
1645857856,1000,,Aggregated,0.000000,0.000000,27000,39000,50000,54000,68000,82000,231000,471000,850000,881000,978000,22367,931,27000.0,39750.93237134155,3.6745310000014797,977952.9061580001,173859.63723342423
1645857868,1000,,Aggregated,14.000000,3.200000,27000,39000,50000,54000,68000,82000,231000,471000,850000,881000,978000,22408,961,27000.0,39743.32217878273,3.6745310000014797,977952.9061580001,174001.03498750445
1645857870,1000,,Aggregated,0.000000,0.000000,27000,39000,50000,54000,68000,82000,238000,516000,880000,894000,978000,22491,961,27000.0,40146.37364932292,3.6745310000014797,977952.9061580001,173438.44911297853
1645857884,1000,,Aggregated,0.000000,0.000000,27000,39000,50000,54000,68000,82000,238000,516000,880000,908000,978000,22528,961,27000.0,40194.968078037375,3.6745310000014797,977952.9061580001,174830.3953746449
1645857899,1000,,Aggregated,0.000000,0.000000,27000,39000,50000,54000,68000,82000,238000,516000,880000,908000,978000,22578,961,27000.0,40233.365784115194,3.6745310000014797,977952.9061580001,175566.43055186464
1645857924,1000,,Aggregated,1.400000,0.000000,27000,40000,50000,54000,68000,82000,243000,516000,894000,926000,978000,22698,962,27000.0,40651.94572967628,3.6745310000014797,977952.9061580001,175753.22790554233
1645857926,1000,,Aggregated,0.000000,0.000000,27000,40000,50000,55000,68000,82000,243000,516000,894000,950000,978000,22762,962,27000.0,40775.65361740915,3.6745310000014797,977952.9061580001,176602.4721026272
1645857946,1000,,Aggregated,0.000000,0.000000,27000,40000,50000,55000,68000,82000,243000,516000,894000,950000,978000,22789,962,27000.0,40832.69738119348,3.6745310000014797,977952.9061580001,179146.89872306815
1645857959,1000,,Aggregated,0.000000,0.000000,27000,40000,50000,55000,68000,82000,243000,516000,894000,950000,978000,22793,962,27000.0,40841.372771421455,3.6745310000014797,977952.9061580001,179115.48751809765
1645857961,1000,,Aggregated,0.000000,0.000000,28000,41000,51000,55000,69000,86000,255000,556000,925000,984000,984000,22902,978,28000.0,41504.44540319416,3.6745310000014797,984110.849183,179707.33390096936
1645857975,1000,,Aggregated,0.000000,0.000000,28000,41000,51000,55000,69000,86000,255000,556000,925000,984000,984000,22904,978,28000.0,41510.058930287356,3.6745310000014797,984110.849183,180046.2230178135
1645857977,1000,,Aggregated,0.000000,0.000000,28000,41000,51000,56000,69000,87000,255000,556000,925000,984000,984000,22915,978,28000.0,41546.88218358654,3.6745310000014797,984110.849183,181136.61256818677
1645857991,1000,,Aggregated,0.000000,0.000000,28000,41000,51000,56000,69000,87000,255000,556000,925000,984000,984000,22917,978,28000.0,41554.87564351859,3.6745310000014797,984110.849183,182297.46847318584
1645858006,1000,,Aggregated,0.000000,0.000000,28000,41000,51000,56000,69000,87000,258000,572000,926000,1016000,1016000,22935,983,28000.0,41891.49630019096,3.6745310000014797,1016228.717057,182154.56407237847
1645858008,1000,,Aggregated,0.000000,0.000000,28000,41000,51000,56000,69000,87000,265000,586000,978000,1031000,1032000,22954,985,28000.0,42114.29479024669,3.6745310000014797,1032018.0580909998,182660.53881676396
1645858027,1000,,Aggregated,0.000000,0.000000,28000,41000,51000,56000,69000,88000,265000,586000,978000,1031000,1032000,22978,987,28000.0,42202.90565389823,3.6745310000014797,1032018.0580909998,182518.1830881713
1645858029,1000,,Aggregated,0.000000,0.000000,28000,41000,51000,57000,70000,90000,258000,584000,978000,1031000,1032000,23075,1003,28000.0,42481.244632201146,3.6745310000014797,1032018.0580909998,182277.0709859155
1645858048,1000,,Aggregated,0.000000,0.000000,28000,42000,51000,57000,70000,90000,258000,584000,978000,1031000,1072000,23111,1005,28000.0,42600.015489840924,3.6745310000014797,1072292.960822,182180.3585738393
1645858051,1000,,Aggregated,0.000000,0.000000,28000,42000,51000,57000,70000,90000,258000,584000,978000,1031000,1072000,23135,1007,28000.0,42657.43880934076,3.6745310000014797,1072292.960822,184566.5075859088
1645858064,1000,,Aggregated,0.000000,0.000000,28000,42000,51000,57000,70000,90000,258000,584000,978000,1031000,1072000,23151,1009,28000.0,42699.39706463887,3.6745310000014797,1072292.960822,184439.15563042634
1645858066,1000,,Aggregated,0.000000,0.000000,28000,42000,51000,57000,70000,90000,266000,606000,984000,1089000,1089000,23214,1012,28000.0,43193.64076547515,3.6745310000014797,1089318.3128329997,185058.8393641768
1645858080,1000,,Aggregated,0.000000,0.000000,28000,42000,51000,57000,70000,90000,266000,606000,984000,1089000,1089000,23235,1012,28000.0,43224.82706749258,3.6745310000014797,1089318.3128329997,186111.22268129975
1645858094,1000,,Aggregated,0.000000,0.000000,28000,42000,52000,57000,70000,90000,266000,606000,984000,1089000,1089000,23291,1013,28000.0,43269.87965607723,3.6745310000014797,1089318.3128329997,185756.68726117385
1645858096,1000,,Aggregated,0.000000,0.000000,28000,42000,52000,57000,70000,90000,266000,625000,1031000,1119000,1119000,23359,1019,28000.0,43764.93657926437,3.6745310000014797,1119099.4547980002,186116.5613253992
1645858111,1000,,Aggregated,0.000000,0.000000,28000,42000,52000,57000,70000,90000,266000,625000,1031000,1119000,1119000,23406,1042,28000.0,43765.818513438055,3.6745310000014797,1119099.4547980002,185812.82598479022
1645858112,1000,,Aggregated,0.000000,0.000000,28000,42000,52000,57000,70000,90000,267000,625000,1032000,1119000,1127000,23428,1043,28000.0,43877.55705710788,3.6745310000014797,1126784.5502999998,186256.6088868021
1645858130,1000,,Aggregated,0.000000,0.000000,28000,42000,52000,57000,71000,90000,266000,625000,1032000,1119000,1127000,23467,1044,28000.0,43899.230188391804,3.6745310000014797,1126784.5502999998,186289.676268803
1645858132,1000,,Aggregated,0.000000,0.000000,29000,42000,52000,57000,70000,90000,266000,625000,1032000,1119000,1127000,23537,1049,29000.0,43894.55896429676,3.6745310000014797,1126784.5502999998,186911.2390703998
1645858151,1000,,Aggregated,0.000000,0.000000,29000,42000,52000,57000,71000,90000,267000,625000,1089000,1166000,1166000,23572,1049,29000.0,44303.64702041119,3.6745310000014797,1165650.0450640002,187402.8276769048
1645858170,1000,,Aggregated,0.000000,0.000000,29000,42000,52000,57000,71000,90000,267000,625000,1089000,1166000,1166000,23630,1053,29000.0,44356.58412270046,3.6745310000014797,1165650.0450640002,187457.56792213288
1645858171,1000,,Aggregated,0.000000,0.000000,29000,42000,52000,57000,72000,90000,267000,660000,1119000,1186000,1186000,23664,1054,29000.0,44916.928027489645,3.6745310000014797,1186356.8939200002,188025.69700811358
1645858190,1000,,Aggregated,0.000000,0.000000,29000,42000,52000,57000,73000,90000,267000,660000,1119000,1186000,1186000,23703,1056,29000.0,44961.3528040429,3.6745310000014797,1186356.8939200002,187716.6101759271
1645858192,1000,,Aggregated,0.000000,0.000000,29000,43000,52000,58000,73000,90000,268000,684000,1166000,1206000,1206000,23838,1083,29000.0,45464.40069828562,3.6745310000014797,1206442.949247,186917.31252621865
1645858209,1000,,Aggregated,0.000000,0.000000,29000,43000,52000,58000,73000,90000,268000,684000,1166000,1206000,1206000,23873,1111,29000.0,45470.84808484175,3.6745310000014797,1206442.949247,187972.99807313702
1645858224,1000,,Aggregated,0.000000,0.000000,29000,43000,52000,58000,73000,91000,269000,699000,1186000,1238000,1238000,23909,1112,29000.0,45942.87877313548,3.6745310000014797,1238474.789625,188141.39851102096
1645858226,1000,,Aggregated,0.000000,0.000000,29000,43000,52000,58000,73000,91000,271000,699000,1186000,1241000,1241000,24021,1114,29000.0,46094.07838077519,3.6745310000014797,1240580.6529249998,187855.8935514758
1645858247,1000,,Aggregated,0.000000,0.000000,29000,43000,52000,58000,73000,91000,271000,699000,1186000,1241000,1241000,24043,1114,29000.0,46107.253989723824,3.6745310000014797,1240580.6529249998,187684.78654909952
1645858248,1000,,Aggregated,0.000000,0.000000,29000,43000,52000,57000,73000,91000,271000,699000,1206000,1262000,1262000,24197,1118,29000.0,46481.09665510605,3.6745310000014797,1262255.01754,186691.92990866635
1645858269,1000,,Aggregated,0.000000,0.000000,29000,43000,52000,58000,73000,91000,271000,740000,1238000,1282000,1282000,24258,1118,29000.0,47031.449540877824,3.6745310000014797,1282350.605027,186458.7653145354
1645858271,1000,,Aggregated,0.000000,0.000000,29000,43000,52000,57000,73000,91000,272000,748000,1262000,1284000,1284000,24367,1121,29000.0,47428.69762762557,3.6745310000014797,1283981.127662,186439.17556531375
1645858288,1000,,Aggregated,0.000000,0.000000,29000,43000,52000,58000,73000,91000,272000,748000,1262000,1284000,1300000,24373,1121,29000.0,47484.314532202436,3.6745310000014797,1299594.9624529998,187806.64255528658
1645858301,1000,,Aggregated,0.200000,0.000000,29000,43000,52000,57000,73000,91000,272000,748000,1262000,1284000,1300000,24408,1122,29000.0,47479.75011965806,3.6745310000014797,1299594.9624529998,188480.6918223533
1645858303,1000,,Aggregated,0.000000,0.000000,29000,43000,52000,57000,73000,91000,272000,748000,1262000,1284000,1315000,24422,1122,29000.0,47537.61934771444,3.6745310000014797,1315162.445626,189660.5660470068
1645858317,1000,,Aggregated,0.000000,0.000000,29000,43000,52000,58000,73000,91000,272000,748000,1262000,1284000,1315000,24438,1122,29000.0,47551.564779450746,3.6745310000014797,1315162.445626,189680.257426958
1645858320,1000,,Aggregated,1.600000,0.000000,30000,44000,52000,58000,73000,91000,272000,748000,1282000,1331000,1331000,24576,1135,30000.0,48083.24117026441,3.6745310000014797,1330693.9858900001,190392.7021077474
1645858336,1000,,Aggregated,0.000000,0.000000,30000,44000,53000,58000,73000,91000,272000,748000,1282000,1331000,1331000,24603,1162,30000.0,48102.80093423078,3.6745310000014797,1330693.9858900001,190183.75998861928
1645858337,1000,,Aggregated,0.000000,0.000000,30000,44000,53000,58000,73000,91000,288000,770000,1322000,1331000,1331000,24688,1176,30000.0,49236.772008795924,3.6745310000014797,1330693.9858900001,190066.2449773169
1645858358,1000,,Aggregated,0.000000,0.000000,30000,44000,53000,58000,73000,91000,288000,765000,1322000,1331000,1331000,24757,1179,30000.0,49234.09900546088,3.6745310000014797,1330693.9858900001,189730.66611463425
1645858360,1000,,Aggregated,0.000000,0.000000,30000,44000,53000,58000,73000,91000,288000,764000,1322000,1331000,1331000,24863,1180,30000.0,49182.47724813782,3.6745310000014797,1330693.9858900001,189415.84631782168
1645858379,1000,,Aggregated,0.000000,0.000000,30000,44000,53000,58000,73000,91000,288000,770000,1322000,1346000,1346000,24924,1180,30000.0,49459.46537828314,3.6745310000014797,1345665.3091970002,189181.865390788
1645858381,1000,,Aggregated,0.000000,0.000000,30000,44000,52000,58000,73000,91000,307000,776000,1323000,1346000,1366000,25049,1181,30000.0,49900.090383109484,3.6745310000014797,1365951.07682,188573.38157211864
1645858396,1000,,Aggregated,0.000000,0.000000,30000,44000,52000,58000,73000,91000,306000,776000,1323000,1346000,1366000,25085,1181,30000.0,49869.91195762942,3.6745310000014797,1365951.07682,188599.28291807853
1645858397,1000,,Aggregated,0.000000,0.000000,30000,44000,52000,58000,73000,91000,311000,783000,1323000,1346000,1366000,25140,1181,30000.0,50168.89292142062,3.6745310000014797,1365951.07682,188907.56718377088
1645858410,1000,,Aggregated,4.000000,0.000000,30000,44000,52000,58000,73000,91000,311000,783000,1323000,1346000,1366000,25164,1182,30000.0,50143.177419039086,3.6745310000014797,1365951.07682,189550.61405182007
1645858413,1000,,Aggregated,0.000000,0.000000,31000,43000,52000,58000,73000,92000,317000,797000,1323000,1346000,1366000,25277,1183,31000.0,50489.82303045751,3.6745310000014797,1365951.07682,189817.05934248527
1645858428,1000,,Aggregated,0.000000,0.000000,31000,44000,52000,58000,73000,92000,318000,797000,1323000,1346000,1366000,25299,1183,31000.0,50580.62917340212,3.6745310000014797,1365951.07682,190056.11174354717
1645858447,1000,,Aggregated,0.000000,0.000000,31000,44000,52000,58000,73000,92000,346000,812000,1323000,1346000,1366000,25451,1186,31000.0,51018.92549499447,3.6745310000014797,1365951.07682,189530.919099446
1645858449,1000,,Aggregated,0.000000,0.000000,31000,43000,52000,58000,73000,92000,375000,830000,1323000,1346000,1366000,25596,1193,31000.0,51460.225704823366,3.6745310000014797,1365951.07682,188655.48699015472
1645858470,1000,,Aggregated,0.000000,0.000000,31000,43000,52000,58000,73000,93000,387000,830000,1323000,1346000,1366000,25631,1193,31000.0,51780.067131620664,3.6745310000014797,1365951.07682,188398.61402208262
1645858472,1000,,Aggregated,0.000000,0.000000,31000,43000,52000,57000,73000,92000,376000,830000,1323000,1346000,1366000,25779,1200,31000.0,51750.7353745116,3.6745310000014797,1365951.07682,187593.61107878506
1645858490,1000,,Aggregated,0.000000,0.000000,31000,43000,52000,57000,73000,93000,387000,850000,1323000,1346000,1366000,25824,1202,31000.0,52160.636369304906,3.6745310000014797,1365951.07682,187705.3461508674
1645858492,1000,,Aggregated,0.000000,0.000000,31000,43000,52000,57000,73000,93000,401000,880000,1323000,1346000,1366000,25928,1205,31000.0,52591.18656513464,3.6745310000014797,1365951.07682,187836.5218296822
1645858509,1000,,Aggregated,0.000000,0.000000,31000,43000,52000,57000,73000,93000,401000,880000,1323000,1346000,1366000,25957,1206,31000.0,52583.792746159415,3.6745310000014797,1365951.07682,188177.7544785607
1645858524,1000,,Aggregated,0.000000,0.000000,31000,43000,52000,57000,73000,93000,401000,880000,1323000,1346000,1366000,25991,1207,31000.0,52617.18174271358,3.6745310000014797,1365951.07682,188685.83228809971
1645858527,1000,,Aggregated,0.000000,0.000000,31000,43000,52000,57000,73000,93000,401000,880000,1322000,1346000,1366000,26010,1207,31000.0,52619.76950016821,3.6745310000014797,1365951.07682,189585.33041138024
1645858546,1000,,Aggregated,0.000000,0.000000,31000,43000,52000,57000,73000,93000,401000,880000,1322000,1346000,1366000,26030,1207,31000.0,52637.02153434702,3.6745310000014797,1365951.07682,190475.7497118709
1645858568,1000,,Aggregated,0.000000,0.000000,31000,43000,52000,58000,73000,94000,409000,894000,1323000,1346000,1366000,26075,1209,31000.0,52984.377371456525,3.6745310000014797,1365951.07682,190228.42201342282
1645858570,1000,,Aggregated,0.000000,0.000000,32000,44000,52000,58000,73000,96000,401000,894000,1329000,1346000,1366000,26153,1209,32000.0,53141.95309983863,3.6745310000014797,1365951.07682,189982.77906932283
1645858590,1000,,Aggregated,0.000000,0.000000,32000,44000,53000,58000,74000,97000,401000,894000,1329000,1346000,1366000,26200,1233,32000.0,53204.68597779015,3.6745310000014797,1365951.07682,190314.95629770993
1645858592,1000,,Aggregated,0.000000,0.000000,32000,44000,53000,58000,74000,97000,401000,894000,1329000,1353000,1374000,26205,1233,32000.0,53263.89812912379,3.6745310000014797,1374295.3439960002,191364.80648731158
1645858608,1000,,Aggregated,0.000000,0.000000,32000,44000,53000,58000,74000,97000,426000,925000,1331000,1391000,1403000,26217,1233,32000.0,53827.750551308665,3.6745310000014797,1403171.621287,192013.3841400618
1645858625,1000,,Aggregated,0.000000,0.000000,32000,44000,53000,58000,74000,98000,442000,978000,1346000,1392000,1403000,26242,1234,32000.0,54424.80546516276,3.6745310000014797,1403171.621287,192947.96520844448
1645858627,1000,,Aggregated,0.000000,0.000000,32000,44000,53000,59000,75000,100000,426000,950000,1346000,1392000,1408000,26449,1246,32000.0,54617.50239313178,3.6745310000014797,1408249.672477,191600.53529434005
1645858645,1000,,Aggregated,0.000000,0.000000,32000,44000,53000,59000,75000,101000,442000,984000,1385000,1408000,1427000,26493,1247,32000.0,55120.02617005157,3.6745310000014797,1426954.676318,191551.6456044993
1645858647,1000,,Aggregated,0.000000,0.000000,32000,44000,53000,59000,75000,101000,470000,1016000,1385000,1408000,1427000,26621,1250,32000.0,55448.05976068948,3.6745310000014797,1426954.676318,191088.61981142708
1645858668,1000,,Aggregated,0.000000,0.000000,32000,44000,53000,59000,75000,101000,470000,1016000,1385000,1408000,1427000,26639,1250,32000.0,55438.731929350266,3.6745310000014797,1426954.676318,190959.71537970644
1645858670,1000,,Aggregated,0.000000,0.000000,32000,44000,53000,59000,75000,101000,510000,1089000,1385000,1408000,1427000,26687,1256,32000.0,55938.27953316142,3.6745310000014797,1426954.676318,190722.7836025031
1645858692,1000,,Aggregated,0.000000,0.000000,32000,44000,53000,59000,75000,102000,516000,1110000,1385000,1408000,1427000,26735,1259,32000.0,56442.81015689966,3.6745310000014797,1426954.676318,191293.96925378716
1645858709,1000,,Aggregated,0.000000,0.000000,32000,44000,53000,59000,75000,102000,516000,1110000,1385000,1408000,1427000,26785,1260,32000.0,56444.92159883127,3.6745310000014797,1426954.676318,191618.17375396678
1645858711,1000,,Aggregated,0.000000,0.000000,32000,44000,53000,59000,75000,102000,548000,1166000,1385000,1408000,1427000,26884,1261,32000.0,56987.062372067434,3.6745310000014797,1426954.676318,191382.83421365867
1645858726,1000,,Aggregated,0.000000,0.000000,32000,44000,53000,59000,75000,102000,556000,1166000,1385000,1408000,1427000,26910,1261,32000.0,57134.07906036559,3.6745310000014797,1426954.676318,191270.22619843925
1645858728,1000,,Aggregated,1.600000,0.000000,32000,45000,54000,59000,75000,102000,572000,1186000,1385000,1408000,1427000,26947,1262,32000.0,57473.094898679876,3.6745310000014797,1426954.676318,192321.29810368503
1645858745,1000,,Aggregated,0.000000,0.000000,32000,45000,54000,59000,75000,102000,572000,1186000,1385000,1408000,1427000,26972,1262,32000.0,57471.193560157146,3.6745310000014797,1426954.676318,192143.42362449947
1645858747,1000,,Aggregated,0.000000,0.000000,32000,45000,54000,59000,75000,102000,572000,1186000,1385000,1408000,1427000,27043,1279,32000.0,57548.95546988351,3.6745310000014797,1426954.676318,192204.93673039234
1645858766,1000,,Aggregated,0.000000,0.000000,32000,45000,54000,59000,75000,102000,572000,1186000,1385000,1408000,1427000,27094,1279,32000.0,57524.885570539744,3.6745310000014797,1426954.676318,191843.6927363992
1645858768,1000,,Aggregated,0.000000,0.000000,32000,45000,54000,59000,75000,103000,586000,1206000,1391000,1414000,1427000,27177,1280,32000.0,58064.705660026804,3.6745310000014797,1426954.676318,192097.18545093277
1645858791,1000,,Aggregated,0.000000,0.000000,32000,45000,54000,59000,75000,103000,586000,1206000,1391000,1414000,1427000,27196,1280,32000.0,58071.01931641945,3.6745310000014797,1426954.676318,193130.6856155317
1645858808,1000,,Aggregated,1.900000,0.000000,32000,45000,54000,59000,75000,102000,586000,1206000,1391000,1414000,1427000,27218,1281,32000.0,58080.36828520499,3.6745310000014797,1426954.676318,193483.50315967374
1645858810,1000,,Aggregated,0.000000,0.000000,32000,45000,54000,59000,75000,103000,606000,1206000,1392000,1445000,1445000,27302,1285,32000.0,58455.762873032334,3.6745310000014797,1445131.1151659999,193707.40905428174
1645858825,1000,,Aggregated,0.000000,0.000000,32000,45000,54000,59000,75000,103000,606000,1206000,1392000,1445000,1445000,27319,1286,32000.0,58467.36200897447,3.6745310000014797,1445131.1151659999,193587.0075771441
1645858827,1000,,Aggregated,0.000000,0.000000,32000,45000,54000,59000,75000,102000,606000,1206000,1392000,1445000,1462000,27385,1297,32000.0,58597.78772911472,3.6745310000014797,1462186.8539040003,193820.91940843526
1645858842,1000,,Aggregated,1.700000,0.100000,32000,45000,54000,60000,76000,102000,606000,1206000,1392000,1445000,1462000,27415,1298,32000.0,58609.47696215542,3.6745310000014797,1462186.8539040003,194899.53583804486
1645858844,1000,,Aggregated,0.000000,0.000000,32000,45000,55000,60000,76000,102000,606000,1206000,1393000,1462000,1480000,27463,1324,32000.0,58736.521509666214,3.6745310000014797,1479763.9745389998,195253.8698976805
1645858865,1000,,Aggregated,1.600000,0.100000,32000,45000,55000,60000,76000,102000,606000,1206000,1393000,1479000,1481000,27487,1324,32000.0,58783.261144631055,3.6745310000014797,1480791.2782909998,195869.1132171572
1645858867,1000,,Aggregated,0.000000,0.000000,32000,46000,55000,60000,76000,102000,609000,1206000,1414000,1501000,1502000,27615,1358,32000.0,59029.38039719313,3.6745310000014797,1501980.663989,195444.777403585
1645858889,1000,,Aggregated,0.000000,0.000000,32000,46000,55000,60000,76000,102000,609000,1206000,1414000,1501000,1502000,27635,1358,32000.0,59032.218450594926,3.6745310000014797,1501980.663989,195362.7871901574
1645858891,1000,,Aggregated,0.000000,0.000000,33000,46000,55000,60000,76000,102000,609000,1206000,1414000,1501000,1527000,27733,1362,33000.0,59087.579976761255,3.6745310000014797,1526714.10227,195120.5974470847
1645858910,1000,,Aggregated,0.000000,0.000000,33000,46000,55000,60000,76000,102000,609000,1206000,1414000,1501000,1527000,27748,1362,33000.0,59080.03923308406,3.6745310000014797,1526714.10227,195015.24610782758
1645858913,1000,,Aggregated,1.500000,0.000000,33000,46000,55000,60000,76000,102000,606000,1206000,1414000,1501000,1527000,27866,1369,33000.0,59033.81135599553,3.6745310000014797,1526714.10227,194892.34665901097
1645858930,1000,,Aggregated,0.000000,0.000000,33000,46000,55000,60000,76000,102000,606000,1206000,1414000,1501000,1527000,27882,1369,33000.0,59022.52330832271,3.6745310000014797,1526714.10227,194780.67742629655
1645858932,1000,,Aggregated,1.600000,0.000000,33000,46000,55000,60000,76000,102000,625000,1221000,1445000,1567000,1567000,27996,1369,33000.0,59547.48853092747,3.6745310000014797,1566754.741635,194779.39216316617
1645858949,1000,,Aggregated,0.000000,0.000000,33000,46000,55000,60000,76000,102000,609000,1221000,1445000,1567000,1567000,28006,1370,33000.0,59540.345698701894,3.6745310000014797,1566754.741635,194710.09105191744
1645858951,1000,,Aggregated,0.000000,0.000000,33000,46000,55000,60000,76000,102000,625000,1238000,1479000,1585000,1585000,28077,1371,33000.0,59997.05555240816,3.6745310000014797,1585136.7801299999,194854.13979413756
1645858972,1000,,Aggregated,0.000000,0.000000,33000,46000,55000,60000,76000,102000,625000,1238000,1479000,1585000,1585000,28104,1371,33000.0,59997.863598020405,3.6745310000014797,1585136.7801299999,194967.1940649018
1645858996,1000,,Aggregated,12.400000,0.200000,33000,46000,55000,60000,76000,102000,660000,1238000,1566000,1598000,1604000,28214,1373,33000.0,60516.037207931244,3.6745310000014797,1603631.250727,198278.25090380662
1645858998,1000,,Aggregated,0.000000,0.000000,34000,46000,56000,60000,76000,102000,660000,1238000,1566000,1604000,1622000,28253,1378,34000.0,60636.3218249328,3.6745310000014797,1622496.9188139997,198724.43627225427
1645859016,1000,,Aggregated,0.000000,0.000000,34000,46000,56000,60000,76000,103000,684000,1256000,1575000,1640000,1640000,28300,1382,34000.0,61201.1274237419,3.6745310000014797,1640324.002274,198432.40413427562
1645859018,1000,,Aggregated,0.000000,0.000000,34000,46000,56000,60000,76000,103000,684000,1256000,1575000,1640000,1640000,28381,1411,34000.0,61269.244871972165,3.6745310000014797,1640324.002274,199050.86254888834
1645859033,1000,,Aggregated,0.000000,0.000000,34000,46000,56000,61000,76000,103000,699000,1258000,1598000,1640000,1640000,28391,1412,34000.0,61767.586796928634,3.6745310000014797,1640324.002274,198980.80884787432
1645859035,1000,,Aggregated,0.000000,0.000000,34000,46000,56000,61000,76000,103000,696000,1258000,1598000,1640000,1640000,28538,1417,34000.0,61743.43469681726,3.6745310000014797,1640324.002274,198224.53672296586
1645859053,1000,,Aggregated,0.000000,0.000000,34000,46000,56000,61000,76000,103000,696000,1258000,1598000,1640000,1640000,28581,1417,34000.0,61734.16070513415,3.6745310000014797,1640324.002274,198020.89153633532
1645859055,1000,,Aggregated,0.000000,0.000000,34000,46000,56000,61000,76000,103000,734000,1269000,1633000,1654000,1654000,28674,1427,34000.0,62582.860137181284,3.6745310000014797,1653978.4948999998,197741.22584920138
1645859081,1000,,Aggregated,0.000000,0.000000,34000,46000,56000,61000,76000,103000,734000,1269000,1633000,1654000,1654000,28737,1432,34000.0,62523.001177140606,3.6745310000014797,1653978.4948999998,197383.65629676028
1645859106,1000,,Aggregated,0.000000,0.000000,35000,46000,56000,61000,76000,103000,740000,1278000,1640000,1692000,1692000,28818,1435,35000.0,63058.1348617016,3.6745310000014797,1691898.938093,197061.85103060587
1645859124,1000,,Aggregated,0.000000,0.000000,35000,46000,56000,61000,76000,103000,740000,1278000,1640000,1692000,1692000,28849,1437,35000.0,63060.0258565118,3.6745310000014797,1691898.938093,197315.38330618045
1645859126,1000,,Aggregated,0.000000,0.000000,35000,46000,56000,61000,76000,103000,740000,1282000,1641000,1692000,1712000,28867,1448,35000.0,63185.82896688131,3.6745310000014797,1711562.0937040003,197912.95849932448
1645859143,1000,,Aggregated,0.000000,0.000000,35000,46000,56000,61000,76000,104000,748000,1284000,1641000,1729000,1730000,28900,1450,35000.0,63824.960711534244,3.6745310000014797,1729511.0858930002,197725.3379584775
1645859145,1000,,Aggregated,0.000000,0.000000,35000,47000,56000,61000,76000,103000,748000,1282000,1641000,1729000,1730000,28983,1483,35000.0,63882.89751357436,3.6745310000014797,1729511.0858930002,197764.68936963048
1645859166,1000,,Aggregated,0.000000,0.000000,35000,47000,56000,61000,76000,104000,748000,1284000,1654000,1730000,1732000,28986,1483,35000.0,63998.95146814534,3.6745310000014797,1731609.9388040002,198674.49686055336
1645859168,1000,,Aggregated,0.000000,0.000000,35000,47000,56000,61000,76000,104000,758000,1287000,1692000,1751000,1751000,29154,1490,35000.0,64577.331225529044,3.6745310000014797,1751227.4265579998,197765.68282225422
1645859192,1000,,Aggregated,0.000000,0.000000,35000,47000,56000,61000,76000,104000,758000,1287000,1692000,1751000,1751000,29201,1493,35000.0,64524.17091059082,3.6745310000014797,1751227.4265579998,197661.74613883087
1645859194,1000,,Aggregated,0.000000,0.000000,35000,46000,56000,61000,76000,104000,758000,1287000,1692000,1751000,1751000,29269,1493,35000.0,64442.428615937366,3.6745310000014797,1751227.4265579998,197879.9205644197
1645859213,1000,,Aggregated,0.000000,0.000000,35000,46000,56000,61000,76000,104000,758000,1287000,1692000,1751000,1751000,29291,1493,35000.0,64431.51153310141,3.6745310000014797,1751227.4265579998,197731.83919975418
1645859216,1000,,Aggregated,2.200000,0.000000,35000,47000,56000,61000,76000,104000,764000,1304000,1692000,1751000,1751000,29383,1496,35000.0,65260.81097840439,3.6745310000014797,1751227.4265579998,197673.07899125345
1645859233,1000,,Aggregated,0.000000,0.000000,35000,47000,56000,61000,76000,104000,764000,1304000,1692000,1751000,1751000,29420,1496,35000.0,65285.92226256524,3.6745310000014797,1751227.4265579998,198714.96325628823
1645859254,1000,,Aggregated,0.000000,0.000000,35000,47000,56000,61000,76000,104000,764000,1305000,1692000,1751000,1751000,29474,1496,35000.0,65320.19308789817,3.6745310000014797,1751227.4265579998,199025.54892447582
1645859280,1000,,Aggregated,0.000000,0.000000,35000,47000,56000,61000,76000,104000,770000,1315000,1713000,1751000,1751000,29520,1497,35000.0,66034.0050192379,3.6745310000014797,1751227.4265579998,199066.1683604336
1645859303,1000,,Aggregated,1.600000,0.100000,36000,47000,56000,61000,76000,104000,783000,1322000,1727000,1751000,1751000,29616,1504,36000.0,66663.58074263371,3.6745310000014797,1751227.4265579998,199328.06780118856
1645859305,1000,,Aggregated,0.000000,0.000000,36000,47000,56000,61000,76000,104000,783000,1322000,1727000,1751000,1751000,29630,1514,36000.0,66674.94555437365,3.6745310000014797,1751227.4265579998,200144.10739115762
1645859323,1000,,Aggregated,0.000000,0.000000,36000,47000,56000,61000,76000,104000,797000,1323000,1729000,1758000,1758000,29641,1514,36000.0,67302.58664521895,3.6745310000014797,1758490.4725709998,200069.93529233156
1645859325,1000,,Aggregated,0.000000,0.000000,36000,47000,57000,61000,77000,104000,797000,1323000,1729000,1758000,1758000,29775,1544,36000.0,67363.21113957759,3.6745310000014797,1758490.4725709998,199502.96275398825
1645859345,1000,,Aggregated,0.000000,0.000000,36000,47000,57000,61000,77000,105000,797000,1328000,1735000,1778000,1779000,29826,1546,36000.0,67873.57578594406,3.6745310000014797,1778754.3931880002,199162.68383289748
1645859347,1000,,Aggregated,0.000000,0.000000,36000,47000,57000,61000,77000,106000,830000,1339000,1758000,1778000,1779000,29992,1558,36000.0,68826.33857494853,3.6745310000014797,1778754.3931880002,198547.024939984
1645859370,1000,,Aggregated,0.000000,0.000000,36000,47000,56000,61000,77000,106000,830000,1339000,1758000,1770000,1779000,30010,1558,36000.0,68799.4439483801,3.6745310000014797,1778754.3931880002,198428.35531489505
1645859372,1000,,Aggregated,0.000000,0.000000,35000,47000,56000,61000,77000,107000,850000,1342000,1765000,1770000,1779000,30066,1560,35000.0,69365.73221514242,3.6745310000014797,1778754.3931880002,198641.8431450808
1645859395,1000,,Aggregated,0.000000,0.000000,35000,47000,56000,61000,77000,107000,850000,1342000,1765000,1770000,1779000,30075,1560,35000.0,69360.36371719152,3.6745310000014797,1778754.3931880002,198637.0761762261
1645859397,1000,,Aggregated,0.000000,0.000000,36000,47000,56000,61000,77000,107000,880000,1357000,1765000,1770000,1779000,30146,1565,36000.0,69854.61303874014,3.6745310000014797,1778754.3931880002,198685.27997080874
1645859419,1000,,Aggregated,0.000000,0.000000,36000,47000,56000,61000,77000,107000,880000,1357000,1765000,1770000,1779000,30197,1567,36000.0,69822.42044973603,3.6745310000014797,1778754.3931880002,198350.2596284399
1645859421,1000,,Aggregated,0.000000,0.000000,36000,47000,56000,61000,77000,108000,894000,1366000,1765000,1770000,1779000,30257,1567,36000.0,70322.40635333174,3.6745310000014797,1778754.3931880002,198512.0599530687
1645859438,1000,,Aggregated,0.000000,0.000000,36000,47000,56000,61000,77000,109000,925000,1373000,1765000,1770000,1779000,30301,1573,36000.0,70830.05193154578,3.6745310000014797,1778754.3931880002,198355.04702815088
1645859440,1000,,Aggregated,0.000000,0.000000,36000,47000,56000,61000,77000,109000,978000,1390000,1765000,1770000,1779000,30435,1579,36000.0,71230.08700880088,3.6745310000014797,1778754.3931880002,197860.7714144899
1645859460,1000,,Aggregated,0.000000,0.000000,36000,47000,56000,61000,77000,109000,950000,1390000,1765000,1770000,1779000,30453,1579,36000.0,71211.6984010238,3.6745310000014797,1778754.3931880002,197743.886447969
1645859462,1000,,Aggregated,0.000000,0.000000,36000,47000,56000,61000,77000,109000,984000,1391000,1765000,1770000,1779000,30538,1580,36000.0,71655.13579967884,3.6745310000014797,1778754.3931880002,197864.04122732332
1645859487,1000,,Aggregated,0.000000,0.000000,36000,47000,56000,61000,77000,109000,984000,1391000,1765000,1770000,1779000,30563,1581,36000.0,71688.72380789246,3.6745310000014797,1778754.3931880002,197702.41769459803
1645859489,1000,,Aggregated,0.000000,0.000000,36000,47000,56000,61000,77000,110000,1016000,1393000,1765000,1770000,1779000,30665,1581,36000.0,72119.95360165666,3.6745310000014797,1778754.3931880002,197447.49225501387
1645859509,1000,,Aggregated,0.000000,0.000000,36000,47000,56000,61000,77000,110000,1016000,1393000,1765000,1770000,1779000,30668,1581,36000.0,72117.70170559989,3.6745310000014797,1778754.3931880002,197428.20108908307
1645859511,1000,,Aggregated,0.000000,0.000000,36000,47000,56000,61000,77000,110000,1110000,1445000,1765000,1770000,1779000,30855,1585,36000.0,73062.1920153133,3.6745310000014797,1778754.3931880002,196593.57964673472
1645859530,1000,,Aggregated,0.000000,0.000000,36000,47000,56000,61000,77000,110000,1110000,1445000,1765000,1770000,1779000,30880,1586,36000.0,73045.56158725517,3.6745310000014797,1778754.3931880002,196435.5728626943
1645859531,1000,,Aggregated,0.000000,0.000000,36000,47000,56000,61000,77000,111000,1119000,1501000,1765000,1770000,1779000,30980,1587,36000.0,73488.26312115988,3.6745310000014797,1778754.3931880002,196118.45890897352
1645859550,1000,,Aggregated,0.000000,0.000000,36000,47000,56000,61000,77000,111000,1119000,1501000,1758000,1770000,1779000,31029,1587,36000.0,73471.26234643199,3.6745310000014797,1778754.3931880002,195809.07296400142
1645859552,1000,,Aggregated,0.000000,0.000000,36000,47000,56000,61000,77000,111000,1166000,1513000,1758000,1770000,1779000,31121,1589,36000.0,73788.64439718504,3.6745310000014797,1778754.3931880002,195707.14700684426
1645859577,1000,,Aggregated,0.000000,0.000000,36000,47000,56000,61000,77000,111000,1186000,1535000,1758000,1770000,1779000,31166,1591,36000.0,74357.02099010296,3.6745310000014797,1778754.3931880002,195803.84252069562
1645859604,1000,,Aggregated,0.000000,0.000000,36000,47000,56000,61000,77000,111000,1186000,1535000,1758000,1770000,1779000,31196,1593,36000.0,74388.06619109216,3.6745310000014797,1778754.3931880002,196532.22182331068
1645859606,1000,,Aggregated,0.000000,0.000000,36000,47000,56000,62000,77000,111000,1206000,1539000,1758000,1770000,1779000,31279,1593,36000.0,74953.78092123121,3.6745310000014797,1778754.3931880002,196347.87748968956
1645859624,1000,,Aggregated,0.000000,0.000000,36000,47000,56000,62000,77000,111000,1206000,1539000,1758000,1770000,1779000,31294,1593,36000.0,74961.73123956434,3.6745310000014797,1778754.3931880002,196254.10008308303
1645859629,1000,,Aggregated,5.800000,0.700000,36000,47000,57000,62000,77000,111000,1206000,1538000,1758000,1770000,1779000,31339,1600,36000.0,74973.82231075496,3.6745310000014797,1778754.3931880002,198828.80666262485
1645859644,1000,,Aggregated,5.800000,0.700000,36000,47000,57000,62000,77000,111000,1206000,1538000,1758000,1770000,1779000,31339,1600,36000.0,74973.82231075496,3.6745310000014797,1778754.3931880002,198828.80666262485
1645859647,1000,,Aggregated,0.000000,0.000000,37000,48000,57000,62000,78000,113000,1206000,1541000,1758000,1770000,1779000,31427,1605,37000.0,75578.92662722133,3.6745310000014797,1778754.3931880002,199134.40538390557
1645859668,1000,,Aggregated,0.000000,0.000000,37000,48000,57000,62000,78000,112000,1206000,1541000,1758000,1770000,1779000,31449,1605,37000.0,75572.90824604347,3.6745310000014797,1778754.3931880002,198995.45330535152
1645859670,1000,,Aggregated,0.000000,0.000000,37000,48000,57000,63000,78000,113000,1221000,1553000,1758000,1770000,1779000,31584,1607,37000.0,75912.24671682174,3.6745310000014797,1778754.3931880002,198555.46954154002
1645859697,1000,,Aggregated,0.000000,0.000000,37000,48000,57000,63000,78000,113000,1221000,1552000,1758000,1770000,1779000,31614,1608,37000.0,75889.41909334945,3.6745310000014797,1778754.3931880002,198367.3358638578
1645859699,1000,,Aggregated,0.000000,0.000000,37000,48000,57000,62000,78000,114000,1238000,1562000,1758000,1770000,1779000,31717,1610,37000.0,76715.39406400989,3.6745310000014797,1778754.3931880002,197913.15906296307
1645859718,1000,,Aggregated,3.000000,0.100000,37000,48000,57000,62000,78000,114000,1238000,1562000,1758000,1770000,1779000,31746,1612,37000.0,76676.57822145204,3.6745310000014797,1778754.3931880002,198788.11374661376
1645859720,1000,,Aggregated,0.000000,0.000000,37000,48000,57000,62000,78000,114000,1238000,1562000,1761000,1770000,1779000,31772,1612,37000.0,76708.19516896951,3.6745310000014797,1778754.3931880002,198971.24943346344
1645859738,1000,,Aggregated,0.000000,0.000000,37000,48000,57000,62000,78000,114000,1238000,1567000,1762000,1770000,1779000,31835,1613,37000.0,77221.21762011826,3.6745310000014797,1778754.3931880002,198751.862761112
1645859740,1000,,Aggregated,0.000000,0.000000,37000,48000,57000,62000,78000,114000,1238000,1567000,1765000,1778000,1781000,31855,1614,37000.0,77315.77519024134,3.6745310000014797,1781088.124248,199862.0808036415
1645859761,1000,,Aggregated,0.000000,0.000000,37000,48000,57000,62000,78000,114000,1238000,1572000,1766000,1779000,1801000,31869,1616,37000.0,77366.37518741762,3.6745310000014797,1801343.15007,199866.92196178104
1645859794,1000,,Aggregated,0.000000,0.000000,37000,48000,57000,63000,78000,116000,1258000,1588000,1769000,1803000,1803000,31979,1617,37000.0,78351.08300104454,3.6745310000014797,1802801.7274210001,200331.28940867443
1645859796,1000,,Aggregated,0.000000,0.000000,37000,48000,57000,63000,78000,116000,1268000,1598000,1769000,1803000,1803000,32088,1623,37000.0,78889.99342580659,3.6745310000014797,1802801.7274210001,200251.93377586638
1645859821,1000,,Aggregated,0.000000,0.000000,37000,48000,57000,63000,78000,116000,1262000,1598000,1769000,1803000,1803000,32128,1645,37000.0,78850.50192964161,3.6745310000014797,1802801.7274210001,200340.43189741037
1645859841,1000,,Aggregated,0.000000,0.000000,37000,48000,57000,63000,78000,116000,1262000,1598000,1769000,1803000,1803000,32154,1646,37000.0,78911.70830060817,3.6745310000014797,1802801.7274210001,200499.95266529825
1645859843,1000,,Aggregated,0.000000,0.000000,37000,49000,57000,63000,79000,116000,1269000,1610000,1769000,1803000,1803000,32305,1677,37000.0,79386.67469448267,3.6745310000014797,1802801.7274210001,199919.70246091936
1645859862,1000,,Aggregated,0.000000,0.000000,37000,49000,57000,63000,79000,116000,1269000,1610000,1769000,1803000,1803000,32306,1677,37000.0,79386.29837998687,3.6745310000014797,1802801.7274210001,199992.7340432118
1645859866,1000,,Aggregated,2.000000,0.000000,37000,49000,57000,63000,79000,116000,1269000,1610000,1769000,1803000,1803000,32352,1680,37000.0,79334.99922733898,3.6745310000014797,1802801.7274210001,200776.59885014838
1645859888,1000,,Aggregated,0.000000,0.000000,37000,49000,57000,63000,79000,117000,1282000,1611000,1769000,1803000,1803000,32390,1689,37000.0,79864.17655074171,3.6745310000014797,1802801.7274210001,200541.9198518061
1645859890,1000,,Aggregated,0.000000,0.000000,37000,49000,57000,63000,79000,118000,1282000,1617000,1769000,1803000,1803000,32511,1693,37000.0,80289.3523079561,3.6745310000014797,1802801.7274210001,200216.58078804097
1645859917,1000,,Aggregated,0.000000,0.000000,37000,49000,57000,63000,79000,118000,1282000,1617000,1769000,1803000,1803000,32514,1693,37000.0,80288.18752275192,3.6745310000014797,1802801.7274210001,200232.1060158701
1645859920,1000,,Aggregated,0.000000,0.000000,37000,49000,57000,63000,79000,118000,1284000,1619000,1769000,1803000,1803000,32576,1695,37000.0,80351.74616328072,3.6745310000014797,1802801.7274210001,200927.04070481335
1645859944,1000,,Aggregated,0.000000,0.000000,37000,49000,57000,63000,79000,118000,1282000,1619000,1769000,1803000,1803000,32605,1698,37000.0,80332.73012522163,3.6745310000014797,1802801.7274210001,201264.7042171446
1645859966,1000,,Aggregated,0.000000,0.000000,37000,49000,57000,63000,79000,118000,1284000,1619000,1769000,1803000,1803000,32709,1714,37000.0,80518.89884716042,3.6745310000014797,1802801.7274210001,200697.66819529794
1645859968,1000,,Aggregated,0.000000,0.000000,37000,49000,57000,63000,79000,118000,1287000,1630000,1769000,1803000,1803000,32809,1723,37000.0,81186.2150881704,3.6745310000014797,1802801.7274210001,200588.5564022067
1645859992,1000,,Aggregated,0.000000,0.000000,37000,49000,57000,63000,79000,118000,1288000,1630000,1769000,1803000,1803000,32830,1723,37000.0,81370.93977566776,3.6745310000014797,1802801.7274210001,201295.24952787085
1645860020,1000,,Aggregated,0.000000,0.000000,37000,49000,57000,63000,79000,118000,1287000,1630000,1769000,1803000,1803000,32889,1723,37000.0,81344.68880035669,3.6745310000014797,1802801.7274210001,201083.1054151844
1645860042,1000,,Aggregated,0.000000,0.000000,37000,49000,57000,63000,79000,118000,1303000,1633000,1769000,1803000,1803000,32913,1726,37000.0,81587.03113268023,3.6745310000014797,1802801.7274210001,201597.96694315315
1645860047,1000,,Aggregated,0.000000,0.000000,37000,49000,58000,64000,79000,118000,1304000,1633000,1769000,1803000,1803000,33004,1747,37000.0,81842.30689105044,3.6745310000014797,1802801.7274210001,203160.93864380076
1645860065,1000,,Aggregated,0.000000,0.000000,37000,49000,58000,64000,80000,118000,1306000,1640000,1769000,1803000,1803000,33033,1749,37000.0,82354.71138618709,3.6745310000014797,1802801.7274210001,203350.67698967698
1645860088,1000,,Aggregated,2.900000,0.200000,37000,49000,58000,64000,80000,119000,1305000,1640000,1769000,1803000,1803000,33054,1768,37000.0,82353.37003540256,3.6745310000014797,1802801.7274210001,204039.96281841834
1645860090,1000,,Aggregated,0.000000,0.000000,37000,49000,58000,64000,80000,122000,1305000,1640000,1770000,1803000,1803000,33209,1773,37000.0,82394.92458436728,3.6745310000014797,1802801.7274210001,203248.235177211
1645860120,1000,,Aggregated,0.000000,0.000000,37000,49000,58000,64000,80000,122000,1322000,1641000,1772000,1803000,1803000,33254,1775,37000.0,82735.7362649707,3.6745310000014797,1802801.7274210001,203031.54859565766
1645860145,1000,,Aggregated,0.000000,0.000000,37000,49000,58000,64000,80000,122000,1322000,1641000,1772000,1803000,1803000,33288,1776,37000.0,82689.80739278061,3.6745310000014797,1802801.7274210001,203344.13959985581
1645860147,1000,,Aggregated,0.000000,0.000000,37000,49000,58000,64000,80000,123000,1322000,1650000,1802000,1828000,1828000,33341,1780,37000.0,83383.02946852286,3.6745310000014797,1828000.4629219999,203224.26037011488
1645860166,1000,,Aggregated,0.000000,0.000000,37000,49000,58000,64000,80000,123000,1322000,1650000,1802000,1828000,1828000,33341,1780,37000.0,83383.02946852286,3.6745310000014797,1828000.4629219999,203224.26037011488
